index,個案研判日,縣市別,鄉鎮,新增確診人數,累積確診人數,當日確診率
45,2022-08-26,台北市,內湖區,334,55186,0.0012
46,2022-08-26,台北市,文山區,397,53770,0.0015
47,2022-08-26,台北市,士林區,339,53599,0.0013
48,2022-08-26,台北市,北投區,343,52126,0.0014
49,2022-08-26,台北市,中山區,284,46999,0.0013
50,2022-08-26,台北市,信義區,244,45922,0.0012
51,2022-08-26,台北市,大安區,322,44729,0.0011
52,2022-08-26,台北市,萬華區,178,43812,0.001
53,2022-08-26,台北市,松山區,192,34737,0.001
54,2022-08-26,台北市,南港區,172,26515,0.0015
55,2022-08-26,台北市,大同區,149,25908,0.0012
56,2022-08-26,台北市,中正區,212,24584,0.0014
433,2022-08-25,台北市,內湖區,381,54852,0.0014
434,2022-08-25,台北市,文山區,274,53373,0.0011
435,2022-08-25,台北市,士林區,329,53260,0.0012
436,2022-08-25,台北市,北投區,285,51783,0.0012
437,2022-08-25,台北市,中山區,254,46715,0.0012
438,2022-08-25,台北市,信義區,283,45678,0.0014
439,2022-08-25,台北市,大安區,292,44407,0.001
440,2022-08-25,台北市,萬華區,181,43634,0.001
441,2022-08-25,台北市,松山區,236,34545,0.0012
442,2022-08-25,台北市,南港區,146,26343,0.0013
443,2022-08-25,台北市,大同區,127,25759,0.0011
444,2022-08-25,台北市,中正區,138,24372,0.0009
819,2022-08-24,台北市,內湖區,422,54471,0.0015
820,2022-08-24,台北市,文山區,352,53099,0.0014
821,2022-08-24,台北市,士林區,338,52931,0.0013
822,2022-08-24,台北市,北投區,317,51498,0.0013
823,2022-08-24,台北市,中山區,317,46461,0.0015
824,2022-08-24,台北市,信義區,299,45395,0.0014
825,2022-08-24,台北市,大安區,370,44115,0.0013
826,2022-08-24,台北市,萬華區,186,43453,0.0011
827,2022-08-24,台北市,松山區,213,34309,0.0011
828,2022-08-24,台北市,南港區,163,26197,0.0014
829,2022-08-24,台北市,大同區,144,25632,0.0012
830,2022-08-24,台北市,中正區,167,24234,0.0011
1205,2022-08-23,台北市,內湖區,393,54049,0.0014
1206,2022-08-23,台北市,文山區,365,52747,0.0014
1207,2022-08-23,台北市,士林區,393,52593,0.0015
1208,2022-08-23,台北市,北投區,306,51181,0.0013
1209,2022-08-23,台北市,中山區,273,46144,0.0013
1210,2022-08-23,台北市,信義區,340,45096,0.0016
1211,2022-08-23,台北市,大安區,290,43745,0.001
1212,2022-08-23,台北市,萬華區,170,43267,0.001
1213,2022-08-23,台北市,松山區,250,34096,0.0013
1214,2022-08-23,台北市,南港區,148,26034,0.0013
1215,2022-08-23,台北市,大同區,130,25488,0.0011
1216,2022-08-23,台北市,中正區,146,24067,0.001
1587,2022-08-22,台北市,內湖區,364,53656,0.0013
1588,2022-08-22,台北市,文山區,333,52382,0.0013
1589,2022-08-22,台北市,士林區,363,52200,0.0014
1590,2022-08-22,台北市,北投區,251,50875,0.001
1591,2022-08-22,台北市,中山區,325,45871,0.0015
1592,2022-08-22,台北市,信義區,271,44756,0.0013
1593,2022-08-22,台北市,大安區,329,43455,0.0011
1594,2022-08-22,台北市,萬華區,169,43097,0.001
1595,2022-08-22,台北市,松山區,258,33846,0.0013
1596,2022-08-22,台北市,南港區,133,25886,0.0012
1597,2022-08-22,台北市,大同區,124,25358,0.001
1598,2022-08-22,台北市,中正區,150,23921,0.001
1976,2022-08-21,台北市,內湖區,200,53292,0.0007
1977,2022-08-21,台北市,文山區,229,52049,0.0009
1978,2022-08-21,台北市,士林區,231,51837,0.0009
1979,2022-08-21,台北市,北投區,170,50624,0.0007
1980,2022-08-21,台北市,中山區,190,45546,0.0009
1981,2022-08-21,台北市,信義區,139,44485,0.0007
1982,2022-08-21,台北市,大安區,165,43126,0.0006
1983,2022-08-21,台北市,萬華區,132,42928,0.0008
1984,2022-08-21,台北市,松山區,126,33588,0.0007
1985,2022-08-21,台北市,南港區,127,25753,0.0011
1986,2022-08-21,台北市,大同區,82,25234,0.0007
1987,2022-08-21,台北市,中正區,90,23771,0.0006
2351,2022-08-20,台北市,內湖區,342,53092,0.0012
2352,2022-08-20,台北市,文山區,263,51820,0.001
2353,2022-08-20,台北市,士林區,299,51606,0.0011
2354,2022-08-20,台北市,北投區,258,50454,0.0011
2355,2022-08-20,台北市,中山區,246,45356,0.0011
2356,2022-08-20,台北市,信義區,200,44346,0.001
2357,2022-08-20,台北市,大安區,247,42961,0.0009
2358,2022-08-20,台北市,萬華區,146,42796,0.0008
2359,2022-08-20,台北市,松山區,169,33462,0.0009
2360,2022-08-20,台北市,南港區,108,25626,0.0009
2361,2022-08-20,台北市,大同區,98,25152,0.0008
2362,2022-08-20,台北市,中正區,106,23681,0.0007
2735,2022-08-19,台北市,內湖區,316,52750,0.0011
2736,2022-08-19,台北市,文山區,268,51557,0.001
2737,2022-08-19,台北市,士林區,283,51307,0.0011
2738,2022-08-19,台北市,北投區,229,50196,0.0009
2739,2022-08-19,台北市,中山區,236,45110,0.0011
2740,2022-08-19,台北市,信義區,211,44146,0.001
2741,2022-08-19,台北市,大安區,264,42714,0.0009
2742,2022-08-19,台北市,萬華區,154,42650,0.0009
2743,2022-08-19,台北市,松山區,198,33293,0.001
2744,2022-08-19,台北市,南港區,125,25518,0.0011
2745,2022-08-19,台北市,大同區,118,25054,0.001
2746,2022-08-19,台北市,中正區,124,23575,0.0008
3118,2022-08-18,台北市,內湖區,340,52434,0.0012
3119,2022-08-18,台北市,文山區,303,51289,0.0012
3120,2022-08-18,台北市,士林區,307,51024,0.0011
3121,2022-08-18,台北市,北投區,233,49967,0.001
3122,2022-08-18,台北市,中山區,226,44874,0.0011
3123,2022-08-18,台北市,信義區,212,43935,0.001
3124,2022-08-18,台北市,萬華區,150,42496,0.0009
3125,2022-08-18,台北市,大安區,262,42450,0.0009
3126,2022-08-18,台北市,松山區,215,33095,0.0011
3127,2022-08-18,台北市,南港區,168,25393,0.0015
3128,2022-08-18,台北市,大同區,86,24936,0.0007
3129,2022-08-18,台北市,中正區,123,23451,0.0008
3506,2022-08-17,台北市,內湖區,357,52094,0.0013
3507,2022-08-17,台北市,文山區,280,50986,0.0011
3508,2022-08-17,台北市,士林區,337,50717,0.0013
3509,2022-08-17,台北市,北投區,255,49734,0.001
3510,2022-08-17,台北市,中山區,273,44648,0.0013
3511,2022-08-17,台北市,信義區,255,43723,0.0012
3512,2022-08-17,台北市,萬華區,137,42346,0.0008
3513,2022-08-17,台北市,大安區,274,42188,0.0009
3514,2022-08-17,台北市,松山區,185,32880,0.001
3515,2022-08-17,台北市,南港區,131,25225,0.0011
3516,2022-08-17,台北市,大同區,101,24850,0.0008
3517,2022-08-17,台北市,中正區,116,23328,0.0008
3890,2022-08-16,台北市,內湖區,425,51737,0.0015
3891,2022-08-16,台北市,文山區,313,50706,0.0012
3892,2022-08-16,台北市,士林區,321,50380,0.0012
3893,2022-08-16,台北市,北投區,291,49479,0.0012
3894,2022-08-16,台北市,中山區,269,44375,0.0013
3895,2022-08-16,台北市,信義區,273,43468,0.0013
3896,2022-08-16,台北市,萬華區,114,42209,0.0006
3897,2022-08-16,台北市,大安區,307,41914,0.0011
3898,2022-08-16,台北市,松山區,211,32695,0.0011
3899,2022-08-16,台北市,南港區,149,25094,0.0013
3900,2022-08-16,台北市,大同區,107,24749,0.0009
3901,2022-08-16,台北市,中正區,131,23212,0.0009
4276,2022-08-15,台北市,內湖區,273,51312,0.001
4277,2022-08-15,台北市,文山區,272,50393,0.001
4278,2022-08-15,台北市,士林區,251,50059,0.0009
4279,2022-08-15,台北市,北投區,259,49188,0.0011
4280,2022-08-15,台北市,中山區,225,44106,0.001
4281,2022-08-15,台北市,信義區,223,43195,0.0011
4282,2022-08-15,台北市,萬華區,129,42095,0.0007
4283,2022-08-15,台北市,大安區,269,41607,0.0009
4284,2022-08-15,台北市,松山區,213,32484,0.0011
4285,2022-08-15,台北市,南港區,117,24945,0.001
4286,2022-08-15,台北市,大同區,102,24642,0.0008
4287,2022-08-15,台北市,中正區,127,23081,0.0008
4662,2022-08-14,台北市,內湖區,201,51039,0.0007
4663,2022-08-14,台北市,文山區,179,50121,0.0007
4664,2022-08-14,台北市,士林區,215,49808,0.0008
4665,2022-08-14,台北市,北投區,192,48929,0.0008
4666,2022-08-14,台北市,中山區,144,43881,0.0007
4667,2022-08-14,台北市,信義區,145,42972,0.0007
4668,2022-08-14,台北市,萬華區,112,41966,0.0006
4669,2022-08-14,台北市,大安區,163,41338,0.0006
4670,2022-08-14,台北市,松山區,96,32271,0.0005
4671,2022-08-14,台北市,南港區,85,24828,0.0007
4672,2022-08-14,台北市,大同區,79,24540,0.0007
4673,2022-08-14,台北市,中正區,62,22954,0.0004
5038,2022-08-13,台北市,內湖區,297,50838,0.0011
5039,2022-08-13,台北市,文山區,277,49942,0.0011
5040,2022-08-13,台北市,士林區,268,49593,0.001
5041,2022-08-13,台北市,北投區,254,48737,0.001
5042,2022-08-13,台北市,中山區,197,43737,0.0009
5043,2022-08-13,台北市,信義區,198,42827,0.001
5044,2022-08-13,台北市,萬華區,110,41854,0.0006
5045,2022-08-13,台北市,大安區,205,41175,0.0007
5046,2022-08-13,台北市,松山區,172,32175,0.0009
5047,2022-08-13,台北市,南港區,85,24743,0.0007
5048,2022-08-13,台北市,大同區,95,24461,0.0008
5049,2022-08-13,台北市,中正區,102,22892,0.0007
5416,2022-08-12,台北市,內湖區,285,50541,0.001
5417,2022-08-12,台北市,文山區,251,49665,0.001
5418,2022-08-12,台北市,士林區,263,49325,0.001
5419,2022-08-12,台北市,北投區,219,48483,0.0009
5420,2022-08-12,台北市,中山區,210,43540,0.001
5421,2022-08-12,台北市,信義區,218,42629,0.0011
5422,2022-08-12,台北市,萬華區,105,41744,0.0006
5423,2022-08-12,台北市,大安區,244,40970,0.0008
5424,2022-08-12,台北市,松山區,187,32003,0.001
5425,2022-08-12,台北市,南港區,128,24658,0.0011
5426,2022-08-12,台北市,大同區,91,24366,0.0008
5427,2022-08-12,台北市,中正區,116,22790,0.0008
5801,2022-08-11,台北市,內湖區,299,50256,0.0011
5802,2022-08-11,台北市,文山區,237,49414,0.0009
5803,2022-08-11,台北市,士林區,253,49062,0.0009
5804,2022-08-11,台北市,北投區,247,48264,0.001
5805,2022-08-11,台北市,中山區,253,43330,0.0012
5806,2022-08-11,台北市,信義區,188,42411,0.0009
5807,2022-08-11,台北市,萬華區,116,41639,0.0007
5808,2022-08-11,台北市,大安區,192,40726,0.0007
5809,2022-08-11,台北市,松山區,157,31816,0.0008
5810,2022-08-11,台北市,南港區,107,24530,0.0009
5811,2022-08-11,台北市,大同區,106,24275,0.0009
5812,2022-08-11,台北市,中正區,126,22674,0.0008
6186,2022-08-10,台北市,內湖區,305,49957,0.0011
6187,2022-08-10,台北市,文山區,258,49177,0.001
6188,2022-08-10,台北市,士林區,256,48809,0.001
6189,2022-08-10,台北市,北投區,258,48017,0.0011
6190,2022-08-10,台北市,中山區,201,43077,0.0009
6191,2022-08-10,台北市,信義區,217,42223,0.0011
6192,2022-08-10,台北市,萬華區,140,41523,0.0008
6193,2022-08-10,台北市,大安區,249,40534,0.0009
6194,2022-08-10,台北市,松山區,181,31659,0.0009
6195,2022-08-10,台北市,南港區,109,24423,0.0009
6196,2022-08-10,台北市,大同區,91,24169,0.0008
6197,2022-08-10,台北市,中正區,112,22548,0.0007
6571,2022-08-09,台北市,內湖區,297,49652,0.0011
6572,2022-08-09,台北市,文山區,271,48919,0.001
6573,2022-08-09,台北市,士林區,271,48553,0.001
6574,2022-08-09,台北市,北投區,237,47759,0.001
6575,2022-08-09,台北市,中山區,221,42876,0.001
6576,2022-08-09,台北市,信義區,233,42006,0.0011
6577,2022-08-09,台北市,萬華區,113,41383,0.0006
6578,2022-08-09,台北市,大安區,215,40285,0.0007
6579,2022-08-09,台北市,松山區,196,31478,0.001
6580,2022-08-09,台北市,南港區,116,24314,0.001
6581,2022-08-09,台北市,大同區,114,24078,0.0009
6582,2022-08-09,台北市,中正區,140,22436,0.0009
6951,2022-08-08,台北市,內湖區,260,49355,0.0009
6952,2022-08-08,台北市,文山區,285,48648,0.0011
6953,2022-08-08,台北市,士林區,265,48282,0.001
6954,2022-08-08,台北市,北投區,238,47522,0.001
6955,2022-08-08,台北市,中山區,240,42655,0.0011
6956,2022-08-08,台北市,信義區,191,41773,0.0009
6957,2022-08-08,台北市,萬華區,107,41270,0.0006
6958,2022-08-08,台北市,大安區,258,40070,0.0009
6959,2022-08-08,台北市,松山區,220,31282,0.0011
6960,2022-08-08,台北市,南港區,140,24198,0.0012
6961,2022-08-08,台北市,大同區,100,23964,0.0008
6962,2022-08-08,台北市,中正區,143,22296,0.001
7336,2022-08-07,台北市,內湖區,185,49095,0.0007
7337,2022-08-07,台北市,文山區,124,48363,0.0005
7338,2022-08-07,台北市,士林區,182,48017,0.0007
7339,2022-08-07,台北市,北投區,114,47284,0.0005
7340,2022-08-07,台北市,中山區,130,42415,0.0006
7341,2022-08-07,台北市,信義區,131,41582,0.0006
7342,2022-08-07,台北市,萬華區,94,41163,0.0005
7343,2022-08-07,台北市,大安區,105,39812,0.0004
7344,2022-08-07,台北市,松山區,79,31062,0.0004
7345,2022-08-07,台北市,南港區,68,24058,0.0006
7346,2022-08-07,台北市,大同區,78,23864,0.0006
7347,2022-08-07,台北市,中正區,82,22153,0.0005
7708,2022-08-06,台北市,內湖區,267,48910,0.001
7709,2022-08-06,台北市,文山區,243,48239,0.0009
7710,2022-08-06,台北市,士林區,238,47835,0.0009
7711,2022-08-06,台北市,北投區,212,47170,0.0009
7712,2022-08-06,台北市,中山區,196,42285,0.0009
7713,2022-08-06,台北市,信義區,187,41451,0.0009
7714,2022-08-06,台北市,萬華區,123,41069,0.0007
7715,2022-08-06,台北市,大安區,225,39707,0.0008
7716,2022-08-06,台北市,松山區,137,30983,0.0007
7717,2022-08-06,台北市,南港區,108,23990,0.0009
7718,2022-08-06,台北市,大同區,85,23786,0.0007
7719,2022-08-06,台北市,中正區,120,22071,0.0008
8086,2022-08-05,台北市,內湖區,266,48643,0.001
8087,2022-08-05,台北市,文山區,231,47996,0.0009
8088,2022-08-05,台北市,士林區,203,47597,0.0008
8089,2022-08-05,台北市,北投區,180,46958,0.0007
8090,2022-08-05,台北市,中山區,196,42089,0.0009
8091,2022-08-05,台北市,信義區,170,41264,0.0008
8092,2022-08-05,台北市,萬華區,129,40946,0.0007
8093,2022-08-05,台北市,大安區,199,39482,0.0007
8094,2022-08-05,台北市,松山區,146,30846,0.0008
8095,2022-08-05,台北市,南港區,128,23882,0.0011
8096,2022-08-05,台北市,大同區,101,23701,0.0008
8097,2022-08-05,台北市,中正區,98,21951,0.0007
8473,2022-08-04,台北市,內湖區,276,48377,0.001
8474,2022-08-04,台北市,文山區,227,47765,0.0009
8475,2022-08-04,台北市,士林區,247,47394,0.0009
8476,2022-08-04,台北市,北投區,191,46778,0.0008
8477,2022-08-04,台北市,中山區,214,41893,0.001
8478,2022-08-04,台北市,信義區,222,41094,0.0011
8479,2022-08-04,台北市,萬華區,134,40817,0.0008
8480,2022-08-04,台北市,大安區,211,39283,0.0007
8481,2022-08-04,台北市,松山區,139,30700,0.0007
8482,2022-08-04,台北市,南港區,116,23754,0.001
8483,2022-08-04,台北市,大同區,104,23600,0.0009
8484,2022-08-04,台北市,中正區,123,21853,0.0008
8857,2022-08-03,台北市,內湖區,296,48101,0.0011
8858,2022-08-03,台北市,文山區,241,47538,0.0009
8859,2022-08-03,台北市,士林區,264,47147,0.001
8860,2022-08-03,台北市,北投區,222,46587,0.0009
8861,2022-08-03,台北市,中山區,228,41679,0.0011
8862,2022-08-03,台北市,信義區,192,40872,0.0009
8863,2022-08-03,台北市,萬華區,110,40683,0.0006
8864,2022-08-03,台北市,大安區,213,39072,0.0007
8865,2022-08-03,台北市,松山區,144,30561,0.0007
8866,2022-08-03,台北市,南港區,116,23638,0.001
8867,2022-08-03,台北市,大同區,110,23496,0.0009
8868,2022-08-03,台北市,中正區,115,21730,0.0008
9239,2022-08-02,台北市,內湖區,276,47805,0.001
9240,2022-08-02,台北市,文山區,240,47297,0.0009
9241,2022-08-02,台北市,士林區,230,46883,0.0009
9242,2022-08-02,台北市,北投區,204,46365,0.0008
9243,2022-08-02,台北市,中山區,254,41451,0.0012
9244,2022-08-02,台北市,信義區,215,40680,0.001
9245,2022-08-02,台北市,萬華區,144,40573,0.0008
9246,2022-08-02,台北市,大安區,215,38859,0.0007
9247,2022-08-02,台北市,松山區,148,30417,0.0008
9248,2022-08-02,台北市,南港區,113,23522,0.001
9249,2022-08-02,台北市,大同區,103,23386,0.0009
9250,2022-08-02,台北市,中正區,103,21615,0.0007
9623,2022-08-01,台北市,內湖區,258,47529,0.0009
9624,2022-08-01,台北市,文山區,262,47057,0.001
9625,2022-08-01,台北市,士林區,249,46653,0.0009
9626,2022-08-01,台北市,北投區,202,46161,0.0008
9627,2022-08-01,台北市,中山區,180,41197,0.0008
9628,2022-08-01,台北市,信義區,165,40465,0.0008
9629,2022-08-01,台北市,萬華區,101,40429,0.0006
9630,2022-08-01,台北市,大安區,215,38644,0.0007
9631,2022-08-01,台北市,松山區,169,30269,0.0009
9632,2022-08-01,台北市,南港區,104,23409,0.0009
9633,2022-08-01,台北市,大同區,74,23283,0.0006
9634,2022-08-01,台北市,中正區,124,21512,0.0008
10010,2022-07-31,台北市,內湖區,178,47271,0.0006
10011,2022-07-31,台北市,文山區,162,46795,0.0006
10012,2022-07-31,台北市,士林區,176,46404,0.0007
10013,2022-07-31,台北市,北投區,173,45959,0.0007
10014,2022-07-31,台北市,中山區,106,41017,0.0005
10015,2022-07-31,台北市,萬華區,77,40328,0.0004
10016,2022-07-31,台北市,信義區,120,40300,0.0006
10017,2022-07-31,台北市,大安區,129,38429,0.0004
10018,2022-07-31,台北市,松山區,77,30100,0.0004
10019,2022-07-31,台北市,南港區,103,23305,0.0009
10020,2022-07-31,台北市,大同區,79,23209,0.0007
10021,2022-07-31,台北市,中正區,72,21388,0.0005
10385,2022-07-30,台北市,內湖區,251,47093,0.0009
10386,2022-07-30,台北市,文山區,217,46633,0.0008
10387,2022-07-30,台北市,士林區,207,46228,0.0008
10388,2022-07-30,台北市,北投區,190,45786,0.0008
10389,2022-07-30,台北市,中山區,152,40911,0.0007
10390,2022-07-30,台北市,萬華區,105,40251,0.0006
10391,2022-07-30,台北市,信義區,172,40180,0.0008
10392,2022-07-30,台北市,大安區,194,38300,0.0007
10393,2022-07-30,台北市,松山區,119,30023,0.0006
10394,2022-07-30,台北市,南港區,84,23202,0.0007
10395,2022-07-30,台北市,大同區,112,23130,0.0009
10396,2022-07-30,台北市,中正區,97,21316,0.0006
10763,2022-07-29,台北市,內湖區,236,46842,0.0009
10764,2022-07-29,台北市,文山區,255,46416,0.001
10765,2022-07-29,台北市,士林區,190,46021,0.0007
10766,2022-07-29,台北市,北投區,184,45596,0.0008
10767,2022-07-29,台北市,中山區,165,40759,0.0008
10768,2022-07-29,台北市,萬華區,114,40146,0.0006
10769,2022-07-29,台北市,信義區,141,40008,0.0007
10770,2022-07-29,台北市,大安區,187,38106,0.0006
10771,2022-07-29,台北市,松山區,124,29904,0.0006
10772,2022-07-29,台北市,南港區,85,23118,0.0007
10773,2022-07-29,台北市,大同區,90,23018,0.0007
10774,2022-07-29,台北市,中正區,91,21219,0.0006
11147,2022-07-28,台北市,內湖區,262,46606,0.0009
11148,2022-07-28,台北市,文山區,254,46161,0.001
11149,2022-07-28,台北市,士林區,228,45831,0.0008
11150,2022-07-28,台北市,北投區,192,45412,0.0008
11151,2022-07-28,台北市,中山區,190,40594,0.0009
11152,2022-07-28,台北市,萬華區,141,40032,0.0008
11153,2022-07-28,台北市,信義區,179,39867,0.0009
11154,2022-07-28,台北市,大安區,192,37919,0.0007
11155,2022-07-28,台北市,松山區,158,29780,0.0008
11156,2022-07-28,台北市,南港區,96,23033,0.0008
11157,2022-07-28,台北市,大同區,100,22928,0.0008
11158,2022-07-28,台北市,中正區,99,21128,0.0007
11532,2022-07-27,台北市,內湖區,300,46344,0.0011
11533,2022-07-27,台北市,文山區,241,45907,0.0009
11534,2022-07-27,台北市,士林區,248,45603,0.0009
11535,2022-07-27,台北市,北投區,222,45220,0.0009
11536,2022-07-27,台北市,中山區,244,40404,0.0011
11537,2022-07-27,台北市,萬華區,131,39891,0.0007
11538,2022-07-27,台北市,信義區,197,39688,0.001
11539,2022-07-27,台北市,大安區,197,37727,0.0007
11540,2022-07-27,台北市,松山區,163,29622,0.0008
11541,2022-07-27,台北市,南港區,132,22937,0.0011
11542,2022-07-27,台北市,大同區,130,22828,0.0011
11543,2022-07-27,台北市,中正區,100,21029,0.0007
11922,2022-07-26,台北市,內湖區,318,46044,0.0012
11923,2022-07-26,台北市,文山區,251,45666,0.001
11924,2022-07-26,台北市,士林區,271,45355,0.001
11925,2022-07-26,台北市,北投區,232,44998,0.001
11926,2022-07-26,台北市,中山區,247,40160,0.0012
11927,2022-07-26,台北市,萬華區,122,39760,0.0007
11928,2022-07-26,台北市,信義區,200,39491,0.001
11929,2022-07-26,台北市,大安區,209,37530,0.0007
11930,2022-07-26,台北市,松山區,168,29459,0.0009
11931,2022-07-26,台北市,南港區,95,22805,0.0008
11932,2022-07-26,台北市,大同區,122,22698,0.001
11933,2022-07-26,台北市,中正區,132,20929,0.0009
12308,2022-07-25,台北市,內湖區,267,45726,0.001
12309,2022-07-25,台北市,文山區,269,45415,0.001
12310,2022-07-25,台北市,士林區,228,45084,0.0008
12311,2022-07-25,台北市,北投區,254,44766,0.001
12312,2022-07-25,台北市,中山區,223,39913,0.001
12313,2022-07-25,台北市,萬華區,125,39638,0.0007
12314,2022-07-25,台北市,信義區,194,39291,0.0009
12315,2022-07-25,台北市,大安區,215,37321,0.0007
12316,2022-07-25,台北市,松山區,203,29291,0.0011
12317,2022-07-25,台北市,南港區,113,22710,0.001
12318,2022-07-25,台北市,大同區,85,22576,0.0007
12319,2022-07-25,台北市,中正區,126,20797,0.0008
12691,2022-07-24,台北市,內湖區,179,45459,0.0006
12692,2022-07-24,台北市,文山區,174,45146,0.0007
12693,2022-07-24,台北市,士林區,175,44856,0.0007
12694,2022-07-24,台北市,北投區,175,44512,0.0007
12695,2022-07-24,台北市,中山區,133,39690,0.0006
12696,2022-07-24,台北市,萬華區,103,39513,0.0006
12697,2022-07-24,台北市,信義區,130,39097,0.0006
12698,2022-07-24,台北市,大安區,126,37106,0.0004
12699,2022-07-24,台北市,松山區,95,29088,0.0005
12700,2022-07-24,台北市,南港區,102,22597,0.0009
12701,2022-07-24,台北市,大同區,89,22491,0.0007
12702,2022-07-24,台北市,中正區,82,20671,0.0005
13068,2022-07-23,台北市,內湖區,264,45280,0.001
13069,2022-07-23,台北市,文山區,209,44972,0.0008
13070,2022-07-23,台北市,士林區,219,44681,0.0008
13071,2022-07-23,台北市,北投區,186,44337,0.0008
13072,2022-07-23,台北市,中山區,174,39557,0.0008
13073,2022-07-23,台北市,萬華區,105,39410,0.0006
13074,2022-07-23,台北市,信義區,197,38967,0.001
13075,2022-07-23,台北市,大安區,172,36980,0.0006
13076,2022-07-23,台北市,松山區,141,28993,0.0007
13077,2022-07-23,台北市,南港區,124,22495,0.0011
13078,2022-07-23,台北市,大同區,90,22402,0.0007
13079,2022-07-23,台北市,中正區,100,20589,0.0007
13451,2022-07-22,台北市,內湖區,249,45016,0.0009
13452,2022-07-22,台北市,文山區,229,44763,0.0009
13453,2022-07-22,台北市,士林區,232,44462,0.0009
13454,2022-07-22,台北市,北投區,211,44151,0.0009
13455,2022-07-22,台北市,中山區,209,39383,0.001
13456,2022-07-22,台北市,萬華區,116,39305,0.0007
13457,2022-07-22,台北市,信義區,191,38770,0.0009
13458,2022-07-22,台北市,大安區,201,36808,0.0007
13459,2022-07-22,台北市,松山區,151,28852,0.0008
13460,2022-07-22,台北市,南港區,101,22371,0.0009
13461,2022-07-22,台北市,大同區,98,22312,0.0008
13462,2022-07-22,台北市,中正區,143,20489,0.001
13836,2022-07-21,台北市,內湖區,276,44767,0.001
13837,2022-07-21,台北市,文山區,215,44534,0.0008
13838,2022-07-21,台北市,士林區,271,44230,0.001
13839,2022-07-21,台北市,北投區,226,43940,0.0009
13840,2022-07-21,台北市,萬華區,140,39189,0.0008
13841,2022-07-21,台北市,中山區,236,39174,0.0011
13842,2022-07-21,台北市,信義區,228,38579,0.0011
13843,2022-07-21,台北市,大安區,178,36607,0.0006
13844,2022-07-21,台北市,松山區,156,28701,0.0008
13845,2022-07-21,台北市,南港區,108,22270,0.0009
13846,2022-07-21,台北市,大同區,103,22214,0.0009
13847,2022-07-21,台北市,中正區,131,20346,0.0009
14219,2022-07-20,台北市,內湖區,286,44491,0.001
14220,2022-07-20,台北市,文山區,270,44319,0.001
14221,2022-07-20,台北市,士林區,288,43959,0.0011
14222,2022-07-20,台北市,北投區,288,43714,0.0012
14223,2022-07-20,台北市,萬華區,145,39049,0.0008
14224,2022-07-20,台北市,中山區,256,38938,0.0012
14225,2022-07-20,台北市,信義區,204,38351,0.001
14226,2022-07-20,台北市,大安區,253,36429,0.0009
14227,2022-07-20,台北市,松山區,186,28545,0.001
14228,2022-07-20,台北市,南港區,112,22162,0.001
14229,2022-07-20,台北市,大同區,107,22111,0.0009
14230,2022-07-20,台北市,中正區,144,20215,0.001
14605,2022-07-19,台北市,內湖區,341,44205,0.0012
14606,2022-07-19,台北市,文山區,286,44049,0.0011
14607,2022-07-19,台北市,士林區,270,43671,0.001
14608,2022-07-19,台北市,北投區,287,43426,0.0012
14609,2022-07-19,台北市,萬華區,137,38904,0.0008
14610,2022-07-19,台北市,中山區,273,38682,0.0013
14611,2022-07-19,台北市,信義區,245,38147,0.0012
14612,2022-07-19,台北市,大安區,240,36176,0.0008
14613,2022-07-19,台北市,松山區,205,28359,0.0011
14614,2022-07-19,台北市,南港區,136,22050,0.0012
14615,2022-07-19,台北市,大同區,100,22004,0.0008
14616,2022-07-19,台北市,中正區,119,20071,0.0008
14992,2022-07-18,台北市,內湖區,290,43864,0.0011
14993,2022-07-18,台北市,文山區,295,43763,0.0011
14994,2022-07-18,台北市,士林區,264,43401,0.001
14995,2022-07-18,台北市,北投區,274,43139,0.0011
14996,2022-07-18,台北市,萬華區,157,38767,0.0009
14997,2022-07-18,台北市,中山區,272,38409,0.0013
14998,2022-07-18,台北市,信義區,256,37902,0.0012
14999,2022-07-18,台北市,大安區,290,35936,0.001
15000,2022-07-18,台北市,松山區,212,28154,0.0011
15001,2022-07-18,台北市,南港區,134,21914,0.0012
15002,2022-07-18,台北市,大同區,109,21904,0.0009
15003,2022-07-18,台北市,中正區,131,19952,0.0009
15380,2022-07-17,台北市,內湖區,196,43574,0.0007
15381,2022-07-17,台北市,文山區,159,43468,0.0006
15382,2022-07-17,台北市,士林區,191,43137,0.0007
15383,2022-07-17,台北市,北投區,146,42865,0.0006
15384,2022-07-17,台北市,萬華區,105,38610,0.0006
15385,2022-07-17,台北市,中山區,139,38137,0.0006
15386,2022-07-17,台北市,信義區,122,37646,0.0006
15387,2022-07-17,台北市,大安區,128,35646,0.0004
15388,2022-07-17,台北市,松山區,99,27942,0.0005
15389,2022-07-17,台北市,大同區,77,21795,0.0006
15390,2022-07-17,台北市,南港區,99,21780,0.0009
15391,2022-07-17,台北市,中正區,92,19821,0.0006
15757,2022-07-16,台北市,內湖區,297,43378,0.0011
15758,2022-07-16,台北市,文山區,212,43309,0.0008
15759,2022-07-16,台北市,士林區,262,42946,0.001
15760,2022-07-16,台北市,北投區,229,42719,0.0009
15761,2022-07-16,台北市,萬華區,120,38505,0.0007
15762,2022-07-16,台北市,中山區,225,37998,0.001
15763,2022-07-16,台北市,信義區,211,37524,0.001
15764,2022-07-16,台北市,大安區,193,35518,0.0007
15765,2022-07-16,台北市,松山區,166,27843,0.0009
15766,2022-07-16,台北市,大同區,102,21718,0.0008
15767,2022-07-16,台北市,南港區,101,21681,0.0009
15768,2022-07-16,台北市,中正區,112,19729,0.0007
16143,2022-07-15,台北市,文山區,217,43097,0.0008
16144,2022-07-15,台北市,內湖區,310,43081,0.0011
16145,2022-07-15,台北市,士林區,219,42684,0.0008
16146,2022-07-15,台北市,北投區,209,42490,0.0009
16147,2022-07-15,台北市,萬華區,112,38385,0.0006
16148,2022-07-15,台北市,中山區,201,37773,0.0009
16149,2022-07-15,台北市,信義區,189,37313,0.0009
16150,2022-07-15,台北市,大安區,203,35325,0.0007
16151,2022-07-15,台北市,松山區,163,27677,0.0008
16152,2022-07-15,台北市,大同區,85,21616,0.0007
16153,2022-07-15,台北市,南港區,132,21580,0.0011
16154,2022-07-15,台北市,中正區,101,19617,0.0007
16529,2022-07-14,台北市,文山區,249,42880,0.001
16530,2022-07-14,台北市,內湖區,289,42771,0.001
16531,2022-07-14,台北市,士林區,229,42465,0.0009
16532,2022-07-14,台北市,北投區,225,42281,0.0009
16533,2022-07-14,台北市,萬華區,124,38273,0.0007
16534,2022-07-14,台北市,中山區,217,37572,0.001
16535,2022-07-14,台北市,信義區,209,37124,0.001
16536,2022-07-14,台北市,大安區,220,35122,0.0008
16537,2022-07-14,台北市,松山區,198,27514,0.001
16538,2022-07-14,台北市,大同區,94,21531,0.0008
16539,2022-07-14,台北市,南港區,136,21448,0.0012
16540,2022-07-14,台北市,中正區,125,19516,0.0008
16916,2022-07-13,台北市,文山區,281,42631,0.0011
16917,2022-07-13,台北市,內湖區,307,42482,0.0011
16918,2022-07-13,台北市,士林區,234,42236,0.0009
16919,2022-07-13,台北市,北投區,239,42056,0.001
16920,2022-07-13,台北市,萬華區,144,38149,0.0008
16921,2022-07-13,台北市,中山區,256,37355,0.0012
16922,2022-07-13,台北市,信義區,203,36915,0.001
16923,2022-07-13,台北市,大安區,230,34902,0.0008
16924,2022-07-13,台北市,松山區,230,27316,0.0012
16925,2022-07-13,台北市,大同區,119,21437,0.001
16926,2022-07-13,台北市,南港區,141,21312,0.0012
16927,2022-07-13,台北市,中正區,93,19391,0.0006
17304,2022-07-12,台北市,文山區,301,42350,0.0012
17305,2022-07-12,台北市,內湖區,370,42175,0.0013
17306,2022-07-12,台北市,士林區,267,42002,0.001
17307,2022-07-12,台北市,北投區,269,41817,0.0011
17308,2022-07-12,台北市,萬華區,176,38005,0.001
17309,2022-07-12,台北市,中山區,305,37099,0.0014
17310,2022-07-12,台北市,信義區,275,36712,0.0013
17311,2022-07-12,台北市,大安區,236,34672,0.0008
17312,2022-07-12,台北市,松山區,214,27086,0.0011
17313,2022-07-12,台北市,大同區,120,21318,0.001
17314,2022-07-12,台北市,南港區,168,21171,0.0015
17315,2022-07-12,台北市,中正區,116,19298,0.0008
17691,2022-07-11,台北市,文山區,325,42049,0.0012
17692,2022-07-11,台北市,內湖區,302,41805,0.0011
17693,2022-07-11,台北市,士林區,266,41735,0.001
17694,2022-07-11,台北市,北投區,207,41548,0.0008
17695,2022-07-11,台北市,萬華區,153,37829,0.0009
17696,2022-07-11,台北市,中山區,250,36794,0.0012
17697,2022-07-11,台北市,信義區,227,36437,0.0011
17698,2022-07-11,台北市,大安區,237,34436,0.0008
17699,2022-07-11,台北市,松山區,217,26872,0.0011
17700,2022-07-11,台北市,大同區,99,21198,0.0008
17701,2022-07-11,台北市,南港區,123,21003,0.0011
17702,2022-07-11,台北市,中正區,111,19182,0.0007
18078,2022-07-10,台北市,文山區,178,41724,0.0007
18079,2022-07-10,台北市,內湖區,211,41503,0.0008
18080,2022-07-10,台北市,士林區,144,41469,0.0005
18081,2022-07-10,台北市,北投區,146,41341,0.0006
18082,2022-07-10,台北市,萬華區,115,37676,0.0007
18083,2022-07-10,台北市,中山區,162,36544,0.0008
18084,2022-07-10,台北市,信義區,144,36210,0.0007
18085,2022-07-10,台北市,大安區,136,34199,0.0005
18086,2022-07-10,台北市,松山區,121,26655,0.0006
18087,2022-07-10,台北市,大同區,65,21099,0.0005
18088,2022-07-10,台北市,南港區,101,20880,0.0009
18089,2022-07-10,台北市,中正區,72,19071,0.0005
18460,2022-07-09,台北市,文山區,279,41546,0.0011
18461,2022-07-09,台北市,士林區,211,41325,0.0008
18462,2022-07-09,台北市,內湖區,322,41292,0.0012
18463,2022-07-09,台北市,北投區,213,41195,0.0009
18464,2022-07-09,台北市,萬華區,134,37561,0.0008
18465,2022-07-09,台北市,中山區,244,36382,0.0011
18466,2022-07-09,台北市,信義區,209,36066,0.001
18467,2022-07-09,台北市,大安區,205,34063,0.0007
18468,2022-07-09,台北市,松山區,168,26534,0.0009
18469,2022-07-09,台北市,大同區,135,21034,0.0011
18470,2022-07-09,台北市,南港區,120,20779,0.001
18471,2022-07-09,台北市,中正區,112,18999,0.0007
18846,2022-07-08,台北市,文山區,265,41267,0.001
18847,2022-07-08,台北市,士林區,205,41114,0.0008
18848,2022-07-08,台北市,北投區,185,40982,0.0008
18849,2022-07-08,台北市,內湖區,247,40970,0.0009
18850,2022-07-08,台北市,萬華區,118,37427,0.0007
18851,2022-07-08,台北市,中山區,260,36138,0.0012
18852,2022-07-08,台北市,信義區,181,35857,0.0009
18853,2022-07-08,台北市,大安區,233,33858,0.0008
18854,2022-07-08,台北市,松山區,165,26366,0.0009
18855,2022-07-08,台北市,大同區,148,20899,0.0012
18856,2022-07-08,台北市,南港區,127,20659,0.0011
18857,2022-07-08,台北市,中正區,110,18887,0.0007
19236,2022-07-07,台北市,文山區,275,41002,0.0011
19237,2022-07-07,台北市,士林區,234,40909,0.0009
19238,2022-07-07,台北市,北投區,237,40797,0.001
19239,2022-07-07,台北市,內湖區,309,40723,0.0011
19240,2022-07-07,台北市,萬華區,161,37309,0.0009
19241,2022-07-07,台北市,中山區,244,35878,0.0011
19242,2022-07-07,台北市,信義區,222,35676,0.0011
19243,2022-07-07,台北市,大安區,198,33625,0.0007
19244,2022-07-07,台北市,松山區,219,26201,0.0011
19245,2022-07-07,台北市,大同區,136,20751,0.0011
19246,2022-07-07,台北市,南港區,134,20532,0.0012
19247,2022-07-07,台北市,中正區,123,18777,0.0008
19626,2022-07-06,台北市,文山區,282,40727,0.0011
19627,2022-07-06,台北市,士林區,271,40675,0.001
19628,2022-07-06,台北市,北投區,260,40560,0.0011
19629,2022-07-06,台北市,內湖區,324,40414,0.0012
19630,2022-07-06,台北市,萬華區,145,37148,0.0008
19631,2022-07-06,台北市,中山區,239,35634,0.0011
19632,2022-07-06,台北市,信義區,242,35454,0.0012
19633,2022-07-06,台北市,大安區,255,33427,0.0009
19634,2022-07-06,台北市,松山區,213,25982,0.0011
19635,2022-07-06,台北市,大同區,114,20615,0.0009
19636,2022-07-06,台北市,南港區,110,20398,0.001
19637,2022-07-06,台北市,中正區,121,18654,0.0008
20014,2022-07-05,台北市,文山區,307,40445,0.0012
20015,2022-07-05,台北市,士林區,281,40404,0.001
20016,2022-07-05,台北市,北投區,244,40300,0.001
20017,2022-07-05,台北市,內湖區,343,40090,0.0012
20018,2022-07-05,台北市,萬華區,165,37003,0.0009
20019,2022-07-05,台北市,中山區,281,35395,0.0013
20020,2022-07-05,台北市,信義區,233,35212,0.0011
20021,2022-07-05,台北市,大安區,264,33172,0.0009
20022,2022-07-05,台北市,松山區,197,25769,0.001
20023,2022-07-05,台北市,大同區,151,20501,0.0013
20024,2022-07-05,台北市,南港區,147,20288,0.0013
20025,2022-07-05,台北市,中正區,125,18533,0.0008
20402,2022-07-04,台北市,文山區,273,40138,0.001
20403,2022-07-04,台北市,士林區,259,40123,0.001
20404,2022-07-04,台北市,北投區,275,40056,0.0011
20405,2022-07-04,台北市,內湖區,301,39747,0.0011
20406,2022-07-04,台北市,萬華區,162,36838,0.0009
20407,2022-07-04,台北市,中山區,259,35114,0.0012
20408,2022-07-04,台北市,信義區,263,34979,0.0013
20409,2022-07-04,台北市,大安區,287,32908,0.001
20410,2022-07-04,台北市,松山區,210,25572,0.0011
20411,2022-07-04,台北市,大同區,105,20350,0.0009
20412,2022-07-04,台北市,南港區,139,20141,0.0012
20413,2022-07-04,台北市,中正區,158,18408,0.0011
20790,2022-07-03,台北市,文山區,188,39865,0.0007
20791,2022-07-03,台北市,士林區,190,39864,0.0007
20792,2022-07-03,台北市,北投區,198,39781,0.0008
20793,2022-07-03,台北市,內湖區,194,39446,0.0007
20794,2022-07-03,台北市,萬華區,110,36676,0.0006
20795,2022-07-03,台北市,中山區,178,34855,0.0008
20796,2022-07-03,台北市,信義區,133,34716,0.0006
20797,2022-07-03,台北市,大安區,147,32621,0.0005
20798,2022-07-03,台北市,松山區,106,25362,0.0006
20799,2022-07-03,台北市,大同區,96,20245,0.0008
20800,2022-07-03,台北市,南港區,101,20002,0.0009
20801,2022-07-03,台北市,中正區,82,18250,0.0005
21174,2022-07-02,台北市,文山區,229,39677,0.0009
21175,2022-07-02,台北市,士林區,276,39674,0.001
21176,2022-07-02,台北市,北投區,262,39583,0.0011
21177,2022-07-02,台北市,內湖區,279,39252,0.001
21178,2022-07-02,台北市,萬華區,172,36566,0.001
21179,2022-07-02,台北市,中山區,244,34677,0.0011
21180,2022-07-02,台北市,信義區,205,34583,0.001
21181,2022-07-02,台北市,大安區,225,32474,0.0008
21182,2022-07-02,台北市,松山區,185,25256,0.001
21183,2022-07-02,台北市,大同區,113,20149,0.0009
21184,2022-07-02,台北市,南港區,127,19901,0.0011
21185,2022-07-02,台北市,中正區,102,18168,0.0007
21561,2022-07-01,台北市,文山區,242,39448,0.0009
21562,2022-07-01,台北市,士林區,242,39398,0.0009
21563,2022-07-01,台北市,北投區,205,39321,0.0008
21564,2022-07-01,台北市,內湖區,258,38973,0.0009
21565,2022-07-01,台北市,萬華區,162,36394,0.0009
21566,2022-07-01,台北市,中山區,260,34433,0.0012
21567,2022-07-01,台北市,信義區,197,34378,0.001
21568,2022-07-01,台北市,大安區,214,32249,0.0007
21569,2022-07-01,台北市,松山區,193,25071,0.001
21570,2022-07-01,台北市,大同區,123,20036,0.001
21571,2022-07-01,台北市,南港區,116,19774,0.001
21572,2022-07-01,台北市,中正區,126,18066,0.0008
21952,2022-06-30,台北市,文山區,237,39206,0.0009
21953,2022-06-30,台北市,士林區,257,39156,0.001
21954,2022-06-30,台北市,北投區,222,39116,0.0009
21955,2022-06-30,台北市,內湖區,315,38715,0.0011
21956,2022-06-30,台北市,萬華區,183,36232,0.001
21957,2022-06-30,台北市,信義區,218,34181,0.0011
21958,2022-06-30,台北市,中山區,215,34173,0.001
21959,2022-06-30,台北市,大安區,256,32035,0.0009
21960,2022-06-30,台北市,松山區,162,24878,0.0008
21961,2022-06-30,台北市,大同區,135,19913,0.0011
21962,2022-06-30,台北市,南港區,145,19658,0.0013
21963,2022-06-30,台北市,中正區,150,17940,0.001
22342,2022-06-29,台北市,文山區,300,38969,0.0012
22343,2022-06-29,台北市,士林區,273,38899,0.001
22344,2022-06-29,台北市,北投區,260,38894,0.0011
22345,2022-06-29,台北市,內湖區,328,38400,0.0012
22346,2022-06-29,台北市,萬華區,191,36049,0.0011
22347,2022-06-29,台北市,信義區,250,33963,0.0012
22348,2022-06-29,台北市,中山區,310,33958,0.0014
22349,2022-06-29,台北市,大安區,230,31779,0.0008
22350,2022-06-29,台北市,松山區,199,24716,0.001
22351,2022-06-29,台北市,大同區,125,19778,0.001
22352,2022-06-29,台北市,南港區,152,19513,0.0013
22353,2022-06-29,台北市,中正區,153,17790,0.001
22731,2022-06-28,台北市,文山區,316,38669,0.0012
22732,2022-06-28,台北市,北投區,322,38634,0.0013
22733,2022-06-28,台北市,士林區,314,38626,0.0012
22734,2022-06-28,台北市,內湖區,338,38072,0.0012
22735,2022-06-28,台北市,萬華區,179,35858,0.001
22736,2022-06-28,台北市,信義區,241,33713,0.0012
22737,2022-06-28,台北市,中山區,300,33648,0.0014
22738,2022-06-28,台北市,大安區,266,31549,0.0009
22739,2022-06-28,台北市,松山區,218,24517,0.0011
22740,2022-06-28,台北市,大同區,165,19653,0.0014
22741,2022-06-28,台北市,南港區,152,19361,0.0013
22742,2022-06-28,台北市,中正區,170,17637,0.0011
23121,2022-06-27,台北市,文山區,262,38353,0.001
23122,2022-06-27,台北市,士林區,287,38312,0.0011
23123,2022-06-27,台北市,北投區,295,38312,0.0012
23124,2022-06-27,台北市,內湖區,317,37734,0.0011
23125,2022-06-27,台北市,萬華區,192,35679,0.0011
23126,2022-06-27,台北市,信義區,247,33472,0.0012
23127,2022-06-27,台北市,中山區,306,33348,0.0014
23128,2022-06-27,台北市,大安區,266,31283,0.0009
23129,2022-06-27,台北市,松山區,214,24299,0.0011
23130,2022-06-27,台北市,大同區,86,19488,0.0007
23131,2022-06-27,台北市,南港區,122,19209,0.0011
23132,2022-06-27,台北市,中正區,154,17467,0.001
23509,2022-06-26,台北市,文山區,221,38091,0.0008
23510,2022-06-26,台北市,士林區,154,38025,0.0006
23511,2022-06-26,台北市,北投區,184,38017,0.0008
23512,2022-06-26,台北市,內湖區,236,37417,0.0009
23513,2022-06-26,台北市,萬華區,136,35487,0.0008
23514,2022-06-26,台北市,信義區,180,33225,0.0009
23515,2022-06-26,台北市,中山區,183,33042,0.0009
23516,2022-06-26,台北市,大安區,156,31017,0.0005
23517,2022-06-26,台北市,松山區,87,24085,0.0005
23518,2022-06-26,台北市,大同區,76,19402,0.0006
23519,2022-06-26,台北市,南港區,106,19087,0.0009
23520,2022-06-26,台北市,中正區,111,17313,0.0007
23893,2022-06-25,台北市,士林區,238,37871,0.0009
23894,2022-06-25,台北市,文山區,227,37870,0.0009
23895,2022-06-25,台北市,北投區,249,37833,0.001
23896,2022-06-25,台北市,內湖區,308,37181,0.0011
23897,2022-06-25,台北市,萬華區,176,35351,0.001
23898,2022-06-25,台北市,信義區,192,33045,0.0009
23899,2022-06-25,台北市,中山區,243,32859,0.0011
23900,2022-06-25,台北市,大安區,245,30861,0.0008
23901,2022-06-25,台北市,松山區,169,23998,0.0009
23902,2022-06-25,台北市,大同區,118,19326,0.001
23903,2022-06-25,台北市,南港區,118,18981,0.001
23904,2022-06-25,台北市,中正區,146,17202,0.001
24282,2022-06-24,台北市,文山區,262,37643,0.001
24283,2022-06-24,台北市,士林區,250,37633,0.0009
24284,2022-06-24,台北市,北投區,275,37584,0.0011
24285,2022-06-24,台北市,內湖區,285,36873,0.001
24286,2022-06-24,台北市,萬華區,182,35175,0.001
24287,2022-06-24,台北市,信義區,203,32853,0.001
24288,2022-06-24,台北市,中山區,262,32616,0.0012
24289,2022-06-24,台北市,大安區,236,30616,0.0008
24290,2022-06-24,台北市,松山區,159,23829,0.0008
24291,2022-06-24,台北市,大同區,104,19208,0.0009
24292,2022-06-24,台北市,南港區,129,18863,0.0011
24293,2022-06-24,台北市,中正區,120,17056,0.0008
24672,2022-06-23,台北市,士林區,289,37383,0.0011
24673,2022-06-23,台北市,文山區,301,37381,0.0012
24674,2022-06-23,台北市,北投區,254,37309,0.001
24675,2022-06-23,台北市,內湖區,347,36588,0.0013
24676,2022-06-23,台北市,萬華區,163,34993,0.0009
24677,2022-06-23,台北市,信義區,264,32650,0.0013
24678,2022-06-23,台北市,中山區,289,32354,0.0013
24679,2022-06-23,台北市,大安區,294,30380,0.001
24680,2022-06-23,台北市,松山區,210,23670,0.0011
24681,2022-06-23,台北市,大同區,132,19104,0.0011
24682,2022-06-23,台北市,南港區,149,18734,0.0013
24683,2022-06-23,台北市,中正區,159,16936,0.0011
25063,2022-06-22,台北市,士林區,327,37094,0.0012
25064,2022-06-22,台北市,文山區,288,37080,0.0011
25065,2022-06-22,台北市,北投區,311,37055,0.0013
25066,2022-06-22,台北市,內湖區,390,36241,0.0014
25067,2022-06-22,台北市,萬華區,190,34830,0.0011
25068,2022-06-22,台北市,信義區,304,32386,0.0015
25069,2022-06-22,台北市,中山區,331,32065,0.0015
25070,2022-06-22,台北市,大安區,267,30086,0.0009
25071,2022-06-22,台北市,松山區,206,23460,0.0011
25072,2022-06-22,台北市,大同區,130,18972,0.0011
25073,2022-06-22,台北市,南港區,140,18585,0.0012
25074,2022-06-22,台北市,中正區,187,16777,0.0012
25452,2022-06-21,台北市,文山區,315,36792,0.0012
25453,2022-06-21,台北市,士林區,314,36767,0.0012
25454,2022-06-21,台北市,北投區,312,36744,0.0013
25455,2022-06-21,台北市,內湖區,397,35851,0.0014
25456,2022-06-21,台北市,萬華區,189,34640,0.0011
25457,2022-06-21,台北市,信義區,315,32082,0.0015
25458,2022-06-21,台北市,中山區,308,31734,0.0014
25459,2022-06-21,台北市,大安區,273,29819,0.0009
25460,2022-06-21,台北市,松山區,226,23254,0.0012
25461,2022-06-21,台北市,大同區,167,18842,0.0014
25462,2022-06-21,台北市,南港區,189,18445,0.0016
25463,2022-06-21,台北市,中正區,173,16590,0.0012
25843,2022-06-20,台北市,文山區,333,36477,0.0013
25844,2022-06-20,台北市,士林區,321,36453,0.0012
25845,2022-06-20,台北市,北投區,360,36432,0.0015
25846,2022-06-20,台北市,內湖區,336,35454,0.0012
25847,2022-06-20,台北市,萬華區,196,34451,0.0011
25848,2022-06-20,台北市,信義區,313,31767,0.0015
25849,2022-06-20,台北市,中山區,300,31426,0.0014
25850,2022-06-20,台北市,大安區,308,29546,0.0011
25851,2022-06-20,台北市,松山區,208,23028,0.0011
25852,2022-06-20,台北市,大同區,125,18675,0.001
25853,2022-06-20,台北市,南港區,169,18256,0.0015
25854,2022-06-20,台北市,中正區,198,16417,0.0013
26233,2022-06-19,台北市,文山區,217,36144,0.0008
26234,2022-06-19,台北市,士林區,212,36132,0.0008
26235,2022-06-19,台北市,北投區,248,36072,0.001
26236,2022-06-19,台北市,內湖區,238,35118,0.0009
26237,2022-06-19,台北市,萬華區,138,34255,0.0008
26238,2022-06-19,台北市,信義區,218,31454,0.0011
26239,2022-06-19,台北市,中山區,214,31126,0.001
26240,2022-06-19,台北市,大安區,185,29238,0.0006
26241,2022-06-19,台北市,松山區,128,22820,0.0007
26242,2022-06-19,台北市,大同區,98,18550,0.0008
26243,2022-06-19,台北市,南港區,135,18087,0.0012
26244,2022-06-19,台北市,中正區,120,16219,0.0008
26622,2022-06-18,台北市,文山區,332,35927,0.0013
26623,2022-06-18,台北市,士林區,366,35920,0.0014
26624,2022-06-18,台北市,北投區,271,35824,0.0011
26625,2022-06-18,台北市,內湖區,342,34880,0.0012
26626,2022-06-18,台北市,萬華區,176,34117,0.001
26627,2022-06-18,台北市,信義區,238,31236,0.0012
26628,2022-06-18,台北市,中山區,279,30912,0.0013
26629,2022-06-18,台北市,大安區,241,29053,0.0008
26630,2022-06-18,台北市,松山區,195,22692,0.001
26631,2022-06-18,台北市,大同區,163,18452,0.0014
26632,2022-06-18,台北市,南港區,139,17952,0.0012
26633,2022-06-18,台北市,中正區,173,16099,0.0012
27012,2022-06-17,台北市,文山區,311,35595,0.0012
27013,2022-06-17,台北市,士林區,318,35554,0.0012
27014,2022-06-17,台北市,北投區,310,35553,0.0013
27015,2022-06-17,台北市,內湖區,350,34538,0.0013
27016,2022-06-17,台北市,萬華區,186,33941,0.0011
27017,2022-06-17,台北市,信義區,282,30998,0.0014
27018,2022-06-17,台北市,中山區,270,30633,0.0013
27019,2022-06-17,台北市,大安區,305,28812,0.0011
27020,2022-06-17,台北市,松山區,237,22497,0.0012
27021,2022-06-17,台北市,大同區,154,18289,0.0013
27022,2022-06-17,台北市,南港區,162,17813,0.0014
27023,2022-06-17,台北市,中正區,139,15926,0.0009
27402,2022-06-16,台北市,文山區,325,35284,0.0012
27403,2022-06-16,台北市,北投區,283,35243,0.0012
27404,2022-06-16,台北市,士林區,286,35236,0.0011
27405,2022-06-16,台北市,內湖區,379,34188,0.0014
27406,2022-06-16,台北市,萬華區,185,33755,0.0011
27407,2022-06-16,台北市,信義區,338,30716,0.0016
27408,2022-06-16,台北市,中山區,313,30363,0.0015
27409,2022-06-16,台北市,大安區,272,28507,0.0009
27410,2022-06-16,台北市,松山區,234,22260,0.0012
27411,2022-06-16,台北市,大同區,177,18135,0.0015
27412,2022-06-16,台北市,南港區,187,17651,0.0016
27413,2022-06-16,台北市,中正區,194,15787,0.0013
27791,2022-06-15,台北市,北投區,335,34960,0.0014
27792,2022-06-15,台北市,文山區,352,34959,0.0014
27793,2022-06-15,台北市,士林區,348,34950,0.0013
27794,2022-06-15,台北市,內湖區,372,33809,0.0013
27795,2022-06-15,台北市,萬華區,161,33570,0.0009
27796,2022-06-15,台北市,信義區,379,30378,0.0018
27797,2022-06-15,台北市,中山區,337,30050,0.0016
27798,2022-06-15,台北市,大安區,289,28235,0.001
27799,2022-06-15,台北市,松山區,313,22026,0.0016
27800,2022-06-15,台北市,大同區,203,17958,0.0017
27801,2022-06-15,台北市,南港區,192,17464,0.0017
27802,2022-06-15,台北市,中正區,169,15593,0.0011
28180,2022-06-14,台北市,北投區,372,34625,0.0015
28181,2022-06-14,台北市,文山區,392,34607,0.0015
28182,2022-06-14,台北市,士林區,422,34602,0.0016
28183,2022-06-14,台北市,內湖區,461,33437,0.0017
28184,2022-06-14,台北市,萬華區,223,33409,0.0013
28185,2022-06-14,台北市,信義區,390,29999,0.0019
28186,2022-06-14,台北市,中山區,388,29713,0.0018
28187,2022-06-14,台北市,大安區,300,27946,0.001
28188,2022-06-14,台北市,松山區,275,21713,0.0014
28189,2022-06-14,台北市,大同區,179,17755,0.0015
28190,2022-06-14,台北市,南港區,183,17272,0.0016
28191,2022-06-14,台北市,中正區,204,15424,0.0014
28569,2022-06-13,台北市,北投區,391,34253,0.0016
28570,2022-06-13,台北市,文山區,357,34215,0.0014
28571,2022-06-13,台北市,士林區,347,34180,0.0013
28572,2022-06-13,台北市,萬華區,223,33186,0.0013
28573,2022-06-13,台北市,內湖區,365,32976,0.0013
28574,2022-06-13,台北市,信義區,328,29609,0.0016
28575,2022-06-13,台北市,中山區,328,29325,0.0015
28576,2022-06-13,台北市,大安區,325,27646,0.0011
28577,2022-06-13,台北市,松山區,266,21438,0.0014
28578,2022-06-13,台北市,大同區,183,17576,0.0015
28579,2022-06-13,台北市,南港區,215,17089,0.0019
28580,2022-06-13,台北市,中正區,189,15220,0.0013
28959,2022-06-12,台北市,北投區,305,33862,0.0012
28960,2022-06-12,台北市,文山區,317,33858,0.0012
28961,2022-06-12,台北市,士林區,259,33833,0.001
28962,2022-06-12,台北市,萬華區,208,32963,0.0012
28963,2022-06-12,台北市,內湖區,298,32611,0.0011
28964,2022-06-12,台北市,信義區,260,29281,0.0013
28965,2022-06-12,台北市,中山區,259,28997,0.0012
28966,2022-06-12,台北市,大安區,229,27321,0.0008
28967,2022-06-12,台北市,松山區,166,21172,0.0009
28968,2022-06-12,台北市,大同區,136,17393,0.0011
28969,2022-06-12,台北市,南港區,113,16874,0.001
28970,2022-06-12,台北市,中正區,124,15031,0.0008
29345,2022-06-11,台北市,士林區,475,33574,0.0018
29346,2022-06-11,台北市,北投區,393,33557,0.0016
29347,2022-06-11,台北市,文山區,446,33541,0.0017
29348,2022-06-11,台北市,萬華區,236,32755,0.0013
29349,2022-06-11,台北市,內湖區,527,32313,0.0019
29350,2022-06-11,台北市,信義區,458,29021,0.0022
29351,2022-06-11,台北市,中山區,406,28738,0.0019
29352,2022-06-11,台北市,大安區,454,27092,0.0016
29353,2022-06-11,台北市,松山區,333,21006,0.0017
29354,2022-06-11,台北市,大同區,205,17257,0.0017
29355,2022-06-11,台北市,南港區,206,16761,0.0018
29356,2022-06-11,台北市,中正區,187,14907,0.0012
29735,2022-06-10,台北市,北投區,332,33164,0.0014
29736,2022-06-10,台北市,士林區,281,33099,0.001
29737,2022-06-10,台北市,文山區,362,33095,0.0014
29738,2022-06-10,台北市,萬華區,277,32519,0.0016
29739,2022-06-10,台北市,內湖區,395,31786,0.0014
29740,2022-06-10,台北市,信義區,343,28563,0.0017
29741,2022-06-10,台北市,中山區,289,28332,0.0013
29742,2022-06-10,台北市,大安區,296,26638,0.001
29743,2022-06-10,台北市,松山區,212,20673,0.0011
29744,2022-06-10,台北市,大同區,174,17052,0.0014
29745,2022-06-10,台北市,南港區,187,16555,0.0016
29746,2022-06-10,台北市,中正區,156,14720,0.001
30123,2022-06-09,台北市,北投區,439,32832,0.0018
30124,2022-06-09,台北市,士林區,395,32818,0.0015
30125,2022-06-09,台北市,文山區,459,32733,0.0018
30126,2022-06-09,台北市,萬華區,290,32242,0.0016
30127,2022-06-09,台北市,內湖區,444,31391,0.0016
30128,2022-06-09,台北市,信義區,414,28220,0.002
30129,2022-06-09,台北市,中山區,409,28043,0.0019
30130,2022-06-09,台北市,大安區,369,26342,0.0013
30131,2022-06-09,台北市,松山區,328,20461,0.0017
30132,2022-06-09,台北市,大同區,225,16878,0.0019
30133,2022-06-09,台北市,南港區,222,16368,0.0019
30134,2022-06-09,台北市,中正區,206,14564,0.0014
30513,2022-06-08,台北市,士林區,409,32423,0.0015
30514,2022-06-08,台北市,北投區,476,32393,0.002
30515,2022-06-08,台北市,文山區,396,32274,0.0015
30516,2022-06-08,台北市,萬華區,316,31952,0.0018
30517,2022-06-08,台北市,內湖區,535,30947,0.0019
30518,2022-06-08,台北市,信義區,471,27806,0.0023
30519,2022-06-08,台北市,中山區,400,27634,0.0019
30520,2022-06-08,台北市,大安區,420,25973,0.0014
30521,2022-06-08,台北市,松山區,262,20133,0.0014
30522,2022-06-08,台北市,大同區,208,16653,0.0017
30523,2022-06-08,台北市,南港區,204,16146,0.0018
30524,2022-06-08,台北市,中正區,208,14358,0.0014
30900,2022-06-07,台北市,士林區,477,32014,0.0018
30901,2022-06-07,台北市,北投區,522,31917,0.0021
30902,2022-06-07,台北市,文山區,455,31878,0.0017
30903,2022-06-07,台北市,萬華區,325,31636,0.0018
30904,2022-06-07,台北市,內湖區,545,30412,0.002
30905,2022-06-07,台北市,信義區,496,27335,0.0024
30906,2022-06-07,台北市,中山區,419,27234,0.002
30907,2022-06-07,台北市,大安區,368,25553,0.0013
30908,2022-06-07,台北市,松山區,349,19871,0.0018
30909,2022-06-07,台北市,大同區,257,16445,0.0021
30910,2022-06-07,台北市,南港區,260,15942,0.0023
30911,2022-06-07,台北市,中正區,214,14150,0.0014
31291,2022-06-06,台北市,士林區,554,31537,0.0021
31292,2022-06-06,台北市,文山區,496,31423,0.0019
31293,2022-06-06,台北市,北投區,592,31395,0.0024
31294,2022-06-06,台北市,萬華區,349,31311,0.002
31295,2022-06-06,台北市,內湖區,528,29867,0.0019
31296,2022-06-06,台北市,信義區,549,26839,0.0027
31297,2022-06-06,台北市,中山區,464,26815,0.0022
31298,2022-06-06,台北市,大安區,406,25185,0.0014
31299,2022-06-06,台北市,松山區,360,19522,0.0019
31300,2022-06-06,台北市,大同區,210,16188,0.0017
31301,2022-06-06,台北市,南港區,276,15682,0.0024
31302,2022-06-06,台北市,中正區,220,13936,0.0015
31681,2022-06-05,台北市,士林區,378,30983,0.0014
31682,2022-06-05,台北市,萬華區,267,30962,0.0015
31683,2022-06-05,台北市,文山區,303,30927,0.0012
31684,2022-06-05,台北市,北投區,337,30803,0.0014
31685,2022-06-05,台北市,內湖區,425,29339,0.0015
31686,2022-06-05,台北市,中山區,254,26351,0.0012
31687,2022-06-05,台北市,信義區,318,26290,0.0015
31688,2022-06-05,台北市,大安區,218,24779,0.0008
31689,2022-06-05,台北市,松山區,197,19162,0.001
31690,2022-06-05,台北市,大同區,153,15978,0.0013
31691,2022-06-05,台北市,南港區,202,15406,0.0018
31692,2022-06-05,台北市,中正區,131,13716,0.0009
32069,2022-06-04,台北市,萬華區,245,30695,0.0014
32070,2022-06-04,台北市,文山區,401,30624,0.0015
32071,2022-06-04,台北市,士林區,390,30605,0.0015
32072,2022-06-04,台北市,北投區,465,30466,0.0019
32073,2022-06-04,台北市,內湖區,317,28914,0.0011
32074,2022-06-04,台北市,中山區,384,26097,0.0018
32075,2022-06-04,台北市,信義區,389,25972,0.0019
32076,2022-06-04,台北市,大安區,358,24561,0.0012
32077,2022-06-04,台北市,松山區,277,18965,0.0014
32078,2022-06-04,台北市,大同區,209,15825,0.0017
32079,2022-06-04,台北市,南港區,185,15204,0.0016
32080,2022-06-04,台北市,中正區,150,13585,0.001
32457,2022-06-03,台北市,萬華區,303,30450,0.0017
32458,2022-06-03,台北市,文山區,435,30223,0.0017
32459,2022-06-03,台北市,士林區,457,30215,0.0017
32460,2022-06-03,台北市,北投區,474,30001,0.0019
32461,2022-06-03,台北市,內湖區,589,28597,0.0021
32462,2022-06-03,台北市,中山區,368,25713,0.0017
32463,2022-06-03,台北市,信義區,449,25583,0.0022
32464,2022-06-03,台北市,大安區,340,24203,0.0012
32465,2022-06-03,台北市,松山區,348,18688,0.0018
32466,2022-06-03,台北市,大同區,229,15616,0.0019
32467,2022-06-03,台北市,南港區,278,15019,0.0024
32468,2022-06-03,台北市,中正區,188,13435,0.0013
32848,2022-06-02,台北市,萬華區,387,30147,0.0022
32849,2022-06-02,台北市,文山區,483,29788,0.0019
32850,2022-06-02,台北市,士林區,600,29758,0.0022
32851,2022-06-02,台北市,北投區,525,29527,0.0022
32852,2022-06-02,台北市,內湖區,627,28008,0.0023
32853,2022-06-02,台北市,中山區,475,25345,0.0022
32854,2022-06-02,台北市,信義區,488,25134,0.0024
32855,2022-06-02,台北市,大安區,457,23863,0.0016
32856,2022-06-02,台北市,松山區,384,18340,0.002
32857,2022-06-02,台北市,大同區,288,15387,0.0024
32858,2022-06-02,台北市,南港區,280,14741,0.0024
32859,2022-06-02,台北市,中正區,237,13247,0.0016
33237,2022-06-01,台北市,萬華區,384,29760,0.0022
33238,2022-06-01,台北市,文山區,554,29305,0.0021
33239,2022-06-01,台北市,士林區,581,29158,0.0022
33240,2022-06-01,台北市,北投區,539,29002,0.0022
33241,2022-06-01,台北市,內湖區,647,27381,0.0023
33242,2022-06-01,台北市,中山區,489,24870,0.0023
33243,2022-06-01,台北市,信義區,561,24646,0.0027
33244,2022-06-01,台北市,大安區,459,23406,0.0016
33245,2022-06-01,台北市,松山區,357,17956,0.0019
33246,2022-06-01,台北市,大同區,314,15099,0.0026
33247,2022-06-01,台北市,南港區,304,14461,0.0026
33248,2022-06-01,台北市,中正區,258,13010,0.0017
33627,2022-05-31,台北市,萬華區,364,29376,0.0021
33628,2022-05-31,台北市,文山區,574,28751,0.0022
33629,2022-05-31,台北市,士林區,800,28577,0.003
33630,2022-05-31,台北市,北投區,707,28463,0.0029
33631,2022-05-31,台北市,內湖區,789,26734,0.0029
33632,2022-05-31,台北市,中山區,640,24381,0.003
33633,2022-05-31,台北市,信義區,657,24085,0.0032
33634,2022-05-31,台北市,大安區,562,22947,0.0019
33635,2022-05-31,台北市,松山區,543,17599,0.0028
33636,2022-05-31,台北市,大同區,392,14785,0.0033
33637,2022-05-31,台北市,南港區,352,14157,0.0031
33638,2022-05-31,台北市,中正區,272,12752,0.0018
34018,2022-05-30,台北市,萬華區,416,29012,0.0024
34019,2022-05-30,台北市,文山區,643,28177,0.0025
34020,2022-05-30,台北市,士林區,625,27777,0.0023
34021,2022-05-30,台北市,北投區,633,27756,0.0026
34022,2022-05-30,台北市,內湖區,680,25945,0.0025
34023,2022-05-30,台北市,中山區,509,23741,0.0024
34024,2022-05-30,台北市,信義區,598,23428,0.0029
34025,2022-05-30,台北市,大安區,507,22385,0.0017
34026,2022-05-30,台北市,松山區,467,17056,0.0024
34027,2022-05-30,台北市,大同區,268,14393,0.0022
34028,2022-05-30,台北市,南港區,351,13805,0.003
34029,2022-05-30,台北市,中正區,256,12480,0.0017
34407,2022-05-29,台北市,萬華區,420,28596,0.0024
34408,2022-05-29,台北市,文山區,487,27534,0.0019
34409,2022-05-29,台北市,士林區,597,27152,0.0022
34410,2022-05-29,台北市,北投區,540,27123,0.0022
34411,2022-05-29,台北市,內湖區,539,25265,0.002
34412,2022-05-29,台北市,中山區,431,23232,0.002
34413,2022-05-29,台北市,信義區,476,22830,0.0023
34414,2022-05-29,台北市,大安區,412,21878,0.0014
34415,2022-05-29,台北市,松山區,321,16589,0.0017
34416,2022-05-29,台北市,大同區,242,14125,0.002
34417,2022-05-29,台北市,南港區,296,13454,0.0026
34418,2022-05-29,台北市,中正區,269,12224,0.0018
34798,2022-05-28,台北市,萬華區,475,28176,0.0027
34799,2022-05-28,台北市,文山區,674,27047,0.0026
34800,2022-05-28,台北市,北投區,718,26583,0.0029
34801,2022-05-28,台北市,士林區,749,26555,0.0028
34802,2022-05-28,台北市,內湖區,754,24726,0.0027
34803,2022-05-28,台北市,中山區,587,22801,0.0027
34804,2022-05-28,台北市,信義區,649,22354,0.0031
34805,2022-05-28,台北市,大安區,580,21466,0.002
34806,2022-05-28,台北市,松山區,466,16268,0.0024
34807,2022-05-28,台北市,大同區,302,13883,0.0025
34808,2022-05-28,台北市,南港區,394,13158,0.0034
34809,2022-05-28,台北市,中正區,294,11955,0.002
35187,2022-05-27,台北市,萬華區,630,27701,0.0036
35188,2022-05-27,台北市,文山區,590,26373,0.0023
35189,2022-05-27,台北市,北投區,830,25865,0.0034
35190,2022-05-27,台北市,士林區,710,25806,0.0026
35191,2022-05-27,台北市,內湖區,885,23972,0.0032
35192,2022-05-27,台北市,中山區,651,22214,0.003
35193,2022-05-27,台北市,信義區,649,21705,0.0031
35194,2022-05-27,台北市,大安區,629,20886,0.0022
35195,2022-05-27,台北市,松山區,492,15802,0.0026
35196,2022-05-27,台北市,大同區,426,13581,0.0035
35197,2022-05-27,台北市,南港區,443,12764,0.0038
35198,2022-05-27,台北市,中正區,303,11661,0.002
35577,2022-05-26,台北市,萬華區,633,27071,0.0036
35578,2022-05-26,台北市,文山區,855,25783,0.0033
35579,2022-05-26,台北市,士林區,769,25096,0.0029
35580,2022-05-26,台北市,北投區,736,25035,0.003
35581,2022-05-26,台北市,內湖區,1072,23087,0.0039
35582,2022-05-26,台北市,中山區,819,21563,0.0038
35583,2022-05-26,台北市,信義區,859,21056,0.0042
35584,2022-05-26,台北市,大安區,717,20257,0.0025
35585,2022-05-26,台北市,松山區,662,15310,0.0034
35586,2022-05-26,台北市,大同區,411,13155,0.0034
35587,2022-05-26,台北市,南港區,564,12321,0.0049
35588,2022-05-26,台北市,中正區,367,11358,0.0024
35967,2022-05-25,台北市,萬華區,660,26438,0.0038
35968,2022-05-25,台北市,文山區,934,24928,0.0036
35969,2022-05-25,台北市,士林區,763,24327,0.0028
35970,2022-05-25,台北市,北投區,851,24299,0.0035
35971,2022-05-25,台北市,內湖區,1086,22015,0.0039
35972,2022-05-25,台北市,中山區,768,20744,0.0036
35973,2022-05-25,台北市,信義區,728,20197,0.0035
35974,2022-05-25,台北市,大安區,630,19540,0.0022
35975,2022-05-25,台北市,松山區,546,14648,0.0028
35976,2022-05-25,台北市,大同區,429,12744,0.0036
35977,2022-05-25,台北市,南港區,477,11757,0.0041
35978,2022-05-25,台北市,中正區,366,10991,0.0024
36356,2022-05-24,台北市,萬華區,681,25778,0.0039
36357,2022-05-24,台北市,文山區,927,23994,0.0036
36358,2022-05-24,台北市,士林區,967,23564,0.0036
36359,2022-05-24,台北市,北投區,829,23448,0.0034
36360,2022-05-24,台北市,內湖區,951,20929,0.0034
36361,2022-05-24,台北市,中山區,678,19976,0.0032
36362,2022-05-24,台北市,信義區,647,19469,0.0031
36363,2022-05-24,台北市,大安區,697,18910,0.0024
36364,2022-05-24,台北市,松山區,586,14102,0.003
36365,2022-05-24,台北市,大同區,431,12315,0.0036
36366,2022-05-24,台北市,南港區,408,11280,0.0035
36367,2022-05-24,台北市,中正區,397,10625,0.0026
36746,2022-05-23,台北市,萬華區,705,25097,0.004
36747,2022-05-23,台北市,文山區,707,23067,0.0027
36748,2022-05-23,台北市,北投區,967,22619,0.004
36749,2022-05-23,台北市,士林區,971,22597,0.0036
36750,2022-05-23,台北市,內湖區,667,19978,0.0024
36751,2022-05-23,台北市,中山區,531,19298,0.0025
36752,2022-05-23,台北市,信義區,998,18822,0.0048
36753,2022-05-23,台北市,大安區,706,18213,0.0024
36754,2022-05-23,台北市,松山區,436,13516,0.0023
36755,2022-05-23,台北市,大同區,372,11884,0.0031
36756,2022-05-23,台北市,南港區,501,10872,0.0043
36757,2022-05-23,台北市,中正區,364,10228,0.0024
37136,2022-05-22,台北市,萬華區,588,24392,0.0033
37137,2022-05-22,台北市,文山區,684,22360,0.0026
37138,2022-05-22,台北市,北投區,603,21652,0.0025
37139,2022-05-22,台北市,士林區,689,21626,0.0026
37140,2022-05-22,台北市,內湖區,723,19311,0.0026
37141,2022-05-22,台北市,中山區,600,18767,0.0028
37142,2022-05-22,台北市,信義區,621,17824,0.003
37143,2022-05-22,台北市,大安區,535,17507,0.0018
37144,2022-05-22,台北市,松山區,453,13080,0.0024
37145,2022-05-22,台北市,大同區,381,11512,0.0032
37146,2022-05-22,台北市,南港區,421,10371,0.0036
37147,2022-05-22,台北市,中正區,329,9864,0.0022
37526,2022-05-21,台北市,萬華區,835,23804,0.0047
37527,2022-05-21,台北市,文山區,916,21676,0.0035
37528,2022-05-21,台北市,北投區,1003,21049,0.0041
37529,2022-05-21,台北市,士林區,798,20937,0.003
37530,2022-05-21,台北市,內湖區,951,18588,0.0034
37531,2022-05-21,台北市,中山區,768,18167,0.0036
37532,2022-05-21,台北市,信義區,825,17203,0.004
37533,2022-05-21,台北市,大安區,732,16972,0.0025
37534,2022-05-21,台北市,松山區,637,12627,0.0033
37535,2022-05-21,台北市,大同區,490,11131,0.0041
37536,2022-05-21,台北市,南港區,521,9950,0.0045
37537,2022-05-21,台北市,中正區,429,9535,0.0029
37912,2022-05-20,台北市,萬華區,1018,22969,0.0058
37913,2022-05-20,台北市,文山區,962,20760,0.0037
37914,2022-05-20,台北市,士林區,1225,20139,0.0046
37915,2022-05-20,台北市,北投區,1070,20046,0.0044
37916,2022-05-20,台北市,內湖區,939,17637,0.0034
37917,2022-05-20,台北市,中山區,782,17399,0.0036
37918,2022-05-20,台北市,信義區,938,16378,0.0045
37919,2022-05-20,台北市,大安區,805,16240,0.0028
37920,2022-05-20,台北市,松山區,696,11990,0.0036
37921,2022-05-20,台北市,大同區,431,10641,0.0036
37922,2022-05-20,台北市,南港區,522,9429,0.0045
37923,2022-05-20,台北市,中正區,437,9106,0.0029
38297,2022-05-19,台北市,萬華區,906,21951,0.0051
38298,2022-05-19,台北市,文山區,976,19798,0.0037
38299,2022-05-19,台北市,北投區,1163,18976,0.0048
38300,2022-05-19,台北市,士林區,1181,18914,0.0044
38301,2022-05-19,台北市,內湖區,1119,16698,0.0041
38302,2022-05-19,台北市,中山區,898,16617,0.0042
38303,2022-05-19,台北市,信義區,925,15440,0.0045
38304,2022-05-19,台北市,大安區,821,15435,0.0028
38305,2022-05-19,台北市,松山區,701,11294,0.0036
38306,2022-05-19,台北市,大同區,621,10210,0.0052
38307,2022-05-19,台北市,南港區,583,8907,0.0051
38308,2022-05-19,台北市,中正區,443,8669,0.003
38685,2022-05-18,台北市,萬華區,897,21045,0.0051
38686,2022-05-18,台北市,文山區,1163,18822,0.0045
38687,2022-05-18,台北市,北投區,1259,17813,0.0052
38688,2022-05-18,台北市,士林區,1232,17733,0.0046
38689,2022-05-18,台北市,中山區,1073,15719,0.005
38690,2022-05-18,台北市,內湖區,1304,15579,0.0047
38691,2022-05-18,台北市,大安區,937,14614,0.0032
38692,2022-05-18,台北市,信義區,949,14515,0.0046
38693,2022-05-18,台北市,松山區,712,10593,0.0037
38694,2022-05-18,台北市,大同區,541,9589,0.0045
38695,2022-05-18,台北市,南港區,597,8324,0.0052
38696,2022-05-18,台北市,中正區,578,8226,0.0039
39074,2022-05-17,台北市,萬華區,1086,20148,0.0062
39075,2022-05-17,台北市,文山區,1200,17659,0.0046
39076,2022-05-17,台北市,北投區,1283,16554,0.0053
39077,2022-05-17,台北市,士林區,1166,16501,0.0043
39078,2022-05-17,台北市,中山區,920,14646,0.0043
39079,2022-05-17,台北市,內湖區,1081,14275,0.0039
39080,2022-05-17,台北市,大安區,874,13677,0.003
39081,2022-05-17,台北市,信義區,969,13566,0.0047
39082,2022-05-17,台北市,松山區,651,9881,0.0034
39083,2022-05-17,台北市,大同區,599,9048,0.005
39084,2022-05-17,台北市,南港區,597,7727,0.0052
39085,2022-05-17,台北市,中正區,532,7648,0.0035
39463,2022-05-16,台北市,萬華區,1025,19062,0.0058
39464,2022-05-16,台北市,文山區,895,16459,0.0034
39465,2022-05-16,台北市,士林區,1037,15335,0.0039
39466,2022-05-16,台北市,北投區,1132,15271,0.0046
39467,2022-05-16,台北市,中山區,782,13726,0.0036
39468,2022-05-16,台北市,內湖區,727,13194,0.0026
39469,2022-05-16,台北市,大安區,765,12803,0.0026
39470,2022-05-16,台北市,信義區,775,12597,0.0038
39471,2022-05-16,台北市,松山區,559,9230,0.0029
39472,2022-05-16,台北市,大同區,461,8449,0.0038
39473,2022-05-16,台北市,南港區,497,7130,0.0043
39474,2022-05-16,台北市,中正區,426,7116,0.0028
39850,2022-05-15,台北市,萬華區,710,18037,0.004
39851,2022-05-15,台北市,文山區,818,15564,0.0031
39852,2022-05-15,台北市,士林區,1024,14298,0.0038
39853,2022-05-15,台北市,北投區,1021,14139,0.0042
39854,2022-05-15,台北市,中山區,756,12944,0.0035
39855,2022-05-15,台北市,內湖區,878,12467,0.0032
39856,2022-05-15,台北市,大安區,688,12038,0.0024
39857,2022-05-15,台北市,信義區,795,11822,0.0039
39858,2022-05-15,台北市,松山區,559,8671,0.0029
39859,2022-05-15,台北市,大同區,563,7988,0.0047
39860,2022-05-15,台北市,中正區,345,6690,0.0023
39861,2022-05-15,台北市,南港區,467,6633,0.004
40235,2022-05-14,台北市,萬華區,1353,17327,0.0077
40236,2022-05-14,台北市,文山區,1022,14746,0.0039
40237,2022-05-14,台北市,士林區,1238,13274,0.0046
40238,2022-05-14,台北市,北投區,1104,13118,0.0045
40239,2022-05-14,台北市,中山區,977,12188,0.0046
40240,2022-05-14,台北市,內湖區,1065,11589,0.0039
40241,2022-05-14,台北市,大安區,777,11350,0.0027
40242,2022-05-14,台北市,信義區,864,11027,0.0042
40243,2022-05-14,台北市,松山區,602,8112,0.0031
40244,2022-05-14,台北市,大同區,694,7425,0.0058
40245,2022-05-14,台北市,中正區,568,6345,0.0038
40246,2022-05-14,台北市,南港區,565,6166,0.0049
40617,2022-05-13,台北市,萬華區,909,15974,0.0052
40618,2022-05-13,台北市,文山區,938,13724,0.0036
40619,2022-05-13,台北市,士林區,798,12036,0.003
40620,2022-05-13,台北市,北投區,1061,12014,0.0043
40621,2022-05-13,台北市,中山區,807,11211,0.0038
40622,2022-05-13,台北市,大安區,769,10573,0.0026
40623,2022-05-13,台北市,內湖區,934,10524,0.0034
40624,2022-05-13,台北市,信義區,734,10163,0.0036
40625,2022-05-13,台北市,松山區,641,7510,0.0033
40626,2022-05-13,台北市,大同區,476,6731,0.004
40627,2022-05-13,台北市,中正區,381,5777,0.0025
40628,2022-05-13,台北市,南港區,424,5601,0.0037
41003,2022-05-12,台北市,萬華區,991,15065,0.0056
41004,2022-05-12,台北市,文山區,1398,12786,0.0054
41005,2022-05-12,台北市,士林區,1170,11238,0.0044
41006,2022-05-12,台北市,北投區,1309,10953,0.0054
41007,2022-05-12,台北市,中山區,900,10404,0.0042
41008,2022-05-12,台北市,大安區,887,9804,0.0031
41009,2022-05-12,台北市,內湖區,1094,9590,0.004
41010,2022-05-12,台北市,信義區,925,9429,0.0045
41011,2022-05-12,台北市,松山區,559,6869,0.0029
41012,2022-05-12,台北市,大同區,650,6255,0.0054
41013,2022-05-12,台北市,中正區,452,5396,0.003
41014,2022-05-12,台北市,南港區,551,5177,0.0048
41386,2022-05-11,台北市,萬華區,1090,14074,0.0062
41387,2022-05-11,台北市,文山區,931,11388,0.0036
41388,2022-05-11,台北市,士林區,1073,10068,0.004
41389,2022-05-11,台北市,北投區,992,9644,0.0041
41390,2022-05-11,台北市,中山區,873,9504,0.0041
41391,2022-05-11,台北市,大安區,744,8917,0.0026
41392,2022-05-11,台北市,信義區,877,8504,0.0043
41393,2022-05-11,台北市,內湖區,1042,8496,0.0038
41394,2022-05-11,台北市,松山區,608,6310,0.0032
41395,2022-05-11,台北市,大同區,647,5605,0.0054
41396,2022-05-11,台北市,中正區,447,4944,0.003
41397,2022-05-11,台北市,南港區,496,4626,0.0043
41769,2022-05-10,台北市,萬華區,889,12984,0.0051
41770,2022-05-10,台北市,文山區,953,10457,0.0037
41771,2022-05-10,台北市,士林區,1107,8995,0.0041
41772,2022-05-10,台北市,北投區,1161,8652,0.0048
41773,2022-05-10,台北市,中山區,929,8631,0.0043
41774,2022-05-10,台北市,大安區,781,8173,0.0027
41775,2022-05-10,台北市,信義區,751,7627,0.0036
41776,2022-05-10,台北市,內湖區,872,7454,0.0032
41777,2022-05-10,台北市,松山區,635,5702,0.0033
41778,2022-05-10,台北市,大同區,562,4958,0.0047
41779,2022-05-10,台北市,中正區,392,4497,0.0026
41780,2022-05-10,台北市,南港區,386,4130,0.0033
42153,2022-05-09,台北市,萬華區,1077,12095,0.0061
42154,2022-05-09,台北市,文山區,942,9504,0.0036
42155,2022-05-09,台北市,士林區,694,7888,0.0026
42156,2022-05-09,台北市,中山區,605,7702,0.0028
42157,2022-05-09,台北市,北投區,803,7491,0.0033
42158,2022-05-09,台北市,大安區,670,7392,0.0023
42159,2022-05-09,台北市,信義區,766,6876,0.0037
42160,2022-05-09,台北市,內湖區,598,6582,0.0022
42161,2022-05-09,台北市,松山區,396,5067,0.0021
42162,2022-05-09,台北市,大同區,378,4396,0.0031
42163,2022-05-09,台北市,中正區,417,4105,0.0028
42164,2022-05-09,台北市,南港區,405,3744,0.0035
42530,2022-05-08,台北市,萬華區,927,11018,0.0053
42531,2022-05-08,台北市,文山區,854,8562,0.0033
42532,2022-05-08,台北市,士林區,543,7194,0.002
42533,2022-05-08,台北市,中山區,544,7097,0.0025
42534,2022-05-08,台北市,大安區,541,6722,0.0019
42535,2022-05-08,台北市,北投區,624,6688,0.0026
42536,2022-05-08,台北市,信義區,490,6110,0.0024
42537,2022-05-08,台北市,內湖區,558,5984,0.002
42538,2022-05-08,台北市,松山區,449,4671,0.0023
42539,2022-05-08,台北市,大同區,337,4018,0.0028
42540,2022-05-08,台北市,中正區,304,3688,0.002
42541,2022-05-08,台北市,南港區,268,3339,0.0023
42914,2022-05-07,台北市,萬華區,977,10091,0.0056
42915,2022-05-07,台北市,文山區,854,7708,0.0033
42916,2022-05-07,台北市,士林區,746,6651,0.0028
42917,2022-05-07,台北市,中山區,748,6553,0.0035
42918,2022-05-07,台北市,大安區,579,6181,0.002
42919,2022-05-07,台北市,北投區,680,6064,0.0028
42920,2022-05-07,台北市,信義區,614,5620,0.003
42921,2022-05-07,台北市,內湖區,707,5426,0.0026
42922,2022-05-07,台北市,松山區,452,4222,0.0023
42923,2022-05-07,台北市,大同區,437,3681,0.0036
42924,2022-05-07,台北市,中正區,340,3384,0.0023
42925,2022-05-07,台北市,南港區,344,3071,0.003
43292,2022-05-06,台北市,萬華區,973,9114,0.0055
43293,2022-05-06,台北市,文山區,988,6854,0.0038
43294,2022-05-06,台北市,士林區,954,5905,0.0036
43295,2022-05-06,台北市,中山區,744,5805,0.0035
43296,2022-05-06,台北市,大安區,714,5602,0.0025
43297,2022-05-06,台北市,北投區,876,5384,0.0036
43298,2022-05-06,台北市,信義區,644,5006,0.0031
43299,2022-05-06,台北市,內湖區,663,4719,0.0024
43300,2022-05-06,台北市,松山區,529,3770,0.0027
43301,2022-05-06,台北市,大同區,368,3244,0.0031
43302,2022-05-06,台北市,中正區,396,3044,0.0026
43303,2022-05-06,台北市,南港區,323,2727,0.0028
43669,2022-05-05,台北市,萬華區,940,8141,0.0053
43670,2022-05-05,台北市,文山區,858,5866,0.0033
43671,2022-05-05,台北市,中山區,663,5061,0.0031
43672,2022-05-05,台北市,士林區,682,4951,0.0025
43673,2022-05-05,台北市,大安區,655,4888,0.0023
43674,2022-05-05,台北市,北投區,626,4508,0.0026
43675,2022-05-05,台北市,信義區,653,4362,0.0032
43676,2022-05-05,台北市,內湖區,624,4056,0.0023
43677,2022-05-05,台北市,松山區,533,3241,0.0028
43678,2022-05-05,台北市,大同區,385,2876,0.0032
43679,2022-05-05,台北市,中正區,327,2648,0.0022
43680,2022-05-05,台北市,南港區,350,2404,0.003
44040,2022-05-04,台北市,萬華區,686,7201,0.0039
44041,2022-05-04,台北市,文山區,781,5008,0.003
44042,2022-05-04,台北市,中山區,457,4398,0.0021
44043,2022-05-04,台北市,士林區,676,4269,0.0025
44044,2022-05-04,台北市,大安區,568,4233,0.002
44045,2022-05-04,台北市,北投區,630,3882,0.0026
44046,2022-05-04,台北市,信義區,493,3709,0.0024
44047,2022-05-04,台北市,內湖區,526,3432,0.0019
44048,2022-05-04,台北市,松山區,369,2708,0.0019
44049,2022-05-04,台北市,大同區,212,2491,0.0018
44050,2022-05-04,台北市,中正區,317,2321,0.0021
44051,2022-05-04,台北市,南港區,321,2054,0.0028
44400,2022-05-03,台北市,萬華區,621,6515,0.0035
44401,2022-05-03,台北市,文山區,660,4227,0.0025
44402,2022-05-03,台北市,中山區,538,3941,0.0025
44403,2022-05-03,台北市,大安區,448,3665,0.0015
44404,2022-05-03,台北市,士林區,443,3593,0.0016
44405,2022-05-03,台北市,北投區,478,3252,0.002
44406,2022-05-03,台北市,信義區,444,3216,0.0022
44407,2022-05-03,台北市,內湖區,324,2906,0.0012
44408,2022-05-03,台北市,松山區,322,2339,0.0017
44409,2022-05-03,台北市,大同區,367,2279,0.0031
44410,2022-05-03,台北市,中正區,205,2004,0.0014
44411,2022-05-03,台北市,南港區,247,1733,0.0021
44757,2022-05-02,台北市,萬華區,765,5894,0.0043
44758,2022-05-02,台北市,文山區,555,3567,0.0021
44759,2022-05-02,台北市,中山區,383,3403,0.0018
44760,2022-05-02,台北市,大安區,342,3217,0.0012
44761,2022-05-02,台北市,士林區,424,3150,0.0016
44762,2022-05-02,台北市,北投區,380,2774,0.0016
44763,2022-05-02,台北市,信義區,310,2772,0.0015
44764,2022-05-02,台北市,內湖區,328,2582,0.0012
44765,2022-05-02,台北市,松山區,254,2017,0.0013
44766,2022-05-02,台北市,大同區,216,1912,0.0018
44767,2022-05-02,台北市,中正區,279,1799,0.0019
44768,2022-05-02,台北市,南港區,177,1486,0.0015
45104,2022-05-01,台北市,萬華區,351,5129,0.002
45105,2022-05-01,台北市,中山區,314,3020,0.0015
45106,2022-05-01,台北市,文山區,409,3012,0.0016
45107,2022-05-01,台北市,大安區,440,2875,0.0015
45108,2022-05-01,台北市,士林區,348,2726,0.0013
45109,2022-05-01,台北市,信義區,291,2462,0.0014
45110,2022-05-01,台北市,北投區,322,2394,0.0013
45111,2022-05-01,台北市,內湖區,330,2254,0.0012
45112,2022-05-01,台北市,松山區,201,1763,0.001
45113,2022-05-01,台北市,大同區,167,1696,0.0014
45114,2022-05-01,台北市,中正區,113,1520,0.0008
45115,2022-05-01,台北市,南港區,174,1309,0.0015
45442,2022-04-30,台北市,萬華區,728,4778,0.0041
45443,2022-04-30,台北市,中山區,378,2706,0.0018
45444,2022-04-30,台北市,文山區,518,2603,0.002
45445,2022-04-30,台北市,大安區,305,2435,0.0011
45446,2022-04-30,台北市,士林區,364,2378,0.0014
45447,2022-04-30,台北市,信義區,223,2171,0.0011
45448,2022-04-30,台北市,北投區,427,2072,0.0017
45449,2022-04-30,台北市,內湖區,283,1924,0.001
45450,2022-04-30,台北市,松山區,190,1562,0.001
45451,2022-04-30,台北市,大同區,190,1529,0.0016
45452,2022-04-30,台北市,中正區,209,1407,0.0014
45453,2022-04-30,台北市,南港區,166,1135,0.0014
45771,2022-04-29,台北市,萬華區,369,4050,0.0021
45772,2022-04-29,台北市,中山區,311,2328,0.0014
45773,2022-04-29,台北市,大安區,303,2130,0.001
45774,2022-04-29,台北市,文山區,359,2085,0.0014
45775,2022-04-29,台北市,士林區,299,2014,0.0011
45776,2022-04-29,台北市,信義區,239,1948,0.0012
45777,2022-04-29,台北市,北投區,218,1645,0.0009
45778,2022-04-29,台北市,內湖區,259,1641,0.0009
45779,2022-04-29,台北市,松山區,193,1372,0.001
45780,2022-04-29,台北市,大同區,153,1339,0.0013
45781,2022-04-29,台北市,中正區,153,1198,0.001
45782,2022-04-29,台北市,南港區,150,969,0.0013
46087,2022-04-28,台北市,萬華區,305,3681,0.0017
46088,2022-04-28,台北市,中山區,297,2017,0.0014
46089,2022-04-28,台北市,大安區,251,1827,0.0009
46090,2022-04-28,台北市,文山區,265,1726,0.001
46091,2022-04-28,台北市,士林區,242,1715,0.0009
46092,2022-04-28,台北市,信義區,212,1709,0.001
46093,2022-04-28,台北市,北投區,217,1427,0.0009
46094,2022-04-28,台北市,內湖區,200,1382,0.0007
46095,2022-04-28,台北市,大同區,135,1186,0.0011
46096,2022-04-28,台北市,松山區,163,1179,0.0008
46097,2022-04-28,台北市,中正區,111,1045,0.0007
46098,2022-04-28,台北市,南港區,172,819,0.0015
46395,2022-04-27,台北市,萬華區,393,3376,0.0022
46396,2022-04-27,台北市,中山區,274,1720,0.0013
46397,2022-04-27,台北市,大安區,238,1576,0.0008
46398,2022-04-27,台北市,信義區,189,1497,0.0009
46399,2022-04-27,台北市,士林區,166,1473,0.0006
46400,2022-04-27,台北市,文山區,198,1461,0.0008
46401,2022-04-27,台北市,北投區,151,1210,0.0006
46402,2022-04-27,台北市,內湖區,199,1182,0.0007
46403,2022-04-27,台北市,大同區,141,1051,0.0012
46404,2022-04-27,台北市,松山區,135,1016,0.0007
46405,2022-04-27,台北市,中正區,127,934,0.0008
46406,2022-04-27,台北市,南港區,125,647,0.0011
46693,2022-04-26,台北市,萬華區,273,2983,0.0016
46694,2022-04-26,台北市,中山區,149,1446,0.0007
46695,2022-04-26,台北市,大安區,183,1338,0.0006
46696,2022-04-26,台北市,信義區,194,1308,0.0009
46697,2022-04-26,台北市,士林區,135,1307,0.0005
46698,2022-04-26,台北市,文山區,201,1263,0.0008
46699,2022-04-26,台北市,北投區,144,1059,0.0006
46700,2022-04-26,台北市,內湖區,126,983,0.0005
46701,2022-04-26,台北市,大同區,92,910,0.0008
46702,2022-04-26,台北市,松山區,155,881,0.0008
46703,2022-04-26,台北市,中正區,90,807,0.0006
46704,2022-04-26,台北市,南港區,70,522,0.0006
46980,2022-04-25,台北市,萬華區,189,2710,0.0011
46981,2022-04-25,台北市,中山區,124,1297,0.0006
46982,2022-04-25,台北市,士林區,165,1172,0.0006
46983,2022-04-25,台北市,大安區,134,1155,0.0005
46984,2022-04-25,台北市,信義區,162,1114,0.0008
46985,2022-04-25,台北市,文山區,129,1062,0.0005
46986,2022-04-25,台北市,北投區,126,915,0.0005
46987,2022-04-25,台北市,內湖區,115,857,0.0004
46988,2022-04-25,台北市,大同區,73,818,0.0006
46989,2022-04-25,台北市,松山區,110,726,0.0006
46990,2022-04-25,台北市,中正區,87,717,0.0006
46991,2022-04-25,台北市,南港區,58,452,0.0005
47255,2022-04-24,台北市,萬華區,132,2521,0.0008
47256,2022-04-24,台北市,中山區,110,1173,0.0005
47257,2022-04-24,台北市,大安區,116,1021,0.0004
47258,2022-04-24,台北市,士林區,96,1007,0.0004
47259,2022-04-24,台北市,信義區,92,952,0.0004
47260,2022-04-24,台北市,文山區,94,933,0.0004
47261,2022-04-24,台北市,北投區,66,789,0.0003
47262,2022-04-24,台北市,大同區,55,745,0.0005
47263,2022-04-24,台北市,內湖區,79,742,0.0003
47264,2022-04-24,台北市,中正區,56,630,0.0004
47265,2022-04-24,台北市,松山區,79,616,0.0004
47266,2022-04-24,台北市,南港區,26,394,0.0002
47501,2022-04-23,台北市,萬華區,115,2389,0.0007
47502,2022-04-23,台北市,中山區,91,1063,0.0004
47503,2022-04-23,台北市,士林區,106,911,0.0004
47504,2022-04-23,台北市,大安區,96,905,0.0003
47505,2022-04-23,台北市,信義區,101,860,0.0005
47506,2022-04-23,台北市,文山區,95,839,0.0004
47507,2022-04-23,台北市,北投區,79,723,0.0003
47508,2022-04-23,台北市,大同區,65,690,0.0005
47509,2022-04-23,台北市,內湖區,87,663,0.0003
47510,2022-04-23,台北市,中正區,49,574,0.0003
47511,2022-04-23,台北市,松山區,59,537,0.0003
47512,2022-04-23,台北市,南港區,39,368,0.0003
47751,2022-04-22,台北市,萬華區,67,2274,0.0004
47752,2022-04-22,台北市,中山區,116,972,0.0005
47753,2022-04-22,台北市,大安區,103,809,0.0004
47754,2022-04-22,台北市,士林區,57,805,0.0002
47755,2022-04-22,台北市,信義區,100,759,0.0005
47756,2022-04-22,台北市,文山區,85,744,0.0003
47757,2022-04-22,台北市,北投區,60,644,0.0002
47758,2022-04-22,台北市,大同區,70,625,0.0006
47759,2022-04-22,台北市,內湖區,60,576,0.0002
47760,2022-04-22,台北市,中正區,42,525,0.0003
47761,2022-04-22,台北市,松山區,49,478,0.0003
47762,2022-04-22,台北市,南港區,22,329,0.0002
47988,2022-04-21,台北市,萬華區,77,2207,0.0004
47989,2022-04-21,台北市,中山區,92,856,0.0004
47990,2022-04-21,台北市,士林區,68,748,0.0003
47991,2022-04-21,台北市,大安區,91,706,0.0003
47992,2022-04-21,台北市,文山區,53,659,0.0002
47993,2022-04-21,台北市,信義區,93,659,0.0005
47994,2022-04-21,台北市,北投區,57,584,0.0002
47995,2022-04-21,台北市,大同區,38,555,0.0003
47996,2022-04-21,台北市,內湖區,50,516,0.0002
47997,2022-04-21,台北市,中正區,52,483,0.0003
47998,2022-04-21,台北市,松山區,50,429,0.0003
47999,2022-04-21,台北市,南港區,32,307,0.0003
48218,2022-04-20,台北市,萬華區,55,2130,0.0003
48219,2022-04-20,台北市,中山區,61,764,0.0003
48220,2022-04-20,台北市,士林區,63,680,0.0002
48221,2022-04-20,台北市,大安區,65,615,0.0002
48222,2022-04-20,台北市,文山區,52,606,0.0002
48223,2022-04-20,台北市,信義區,68,566,0.0003
48224,2022-04-20,台北市,北投區,56,527,0.0002
48225,2022-04-20,台北市,大同區,55,517,0.0005
48226,2022-04-20,台北市,內湖區,48,466,0.0002
48227,2022-04-20,台北市,中正區,23,431,0.0002
48228,2022-04-20,台北市,松山區,39,379,0.0002
48229,2022-04-20,台北市,南港區,33,275,0.0003
48428,2022-04-19,台北市,萬華區,13,2075,0.0001
48429,2022-04-19,台北市,中山區,73,703,0.0003
48430,2022-04-19,台北市,士林區,46,617,0.0002
48431,2022-04-19,台北市,文山區,29,554,0.0001
48432,2022-04-19,台北市,大安區,43,550,0.0001
48433,2022-04-19,台北市,信義區,36,498,0.0002
48434,2022-04-19,台北市,北投區,37,471,0.0002
48435,2022-04-19,台北市,大同區,31,462,0.0003
48436,2022-04-19,台北市,內湖區,30,418,0.0001
48437,2022-04-19,台北市,中正區,26,408,0.0002
48438,2022-04-19,台北市,松山區,19,340,0.0001
48439,2022-04-19,台北市,南港區,16,242,0.0001
48623,2022-04-18,台北市,萬華區,19,2062,0.0001
48624,2022-04-18,台北市,中山區,33,630,0.0002
48625,2022-04-18,台北市,士林區,25,571,0.0001
48626,2022-04-18,台北市,文山區,18,525,0.0001
48627,2022-04-18,台北市,大安區,34,507,0.0001
48628,2022-04-18,台北市,信義區,24,462,0.0001
48629,2022-04-18,台北市,北投區,26,434,0.0001
48630,2022-04-18,台北市,大同區,12,431,0.0001
48631,2022-04-18,台北市,內湖區,40,388,0.0001
48632,2022-04-18,台北市,中正區,15,382,0.0001
48633,2022-04-18,台北市,松山區,22,321,0.0001
48634,2022-04-18,台北市,南港區,17,226,0.0001
48805,2022-04-17,台北市,萬華區,26,2043,0.0001
48806,2022-04-17,台北市,中山區,42,597,0.0002
48807,2022-04-17,台北市,士林區,16,546,0.0001
48808,2022-04-17,台北市,文山區,23,507,0.0001
48809,2022-04-17,台北市,大安區,19,473,0.0001
48810,2022-04-17,台北市,信義區,24,438,0.0001
48811,2022-04-17,台北市,大同區,14,419,0.0001
48812,2022-04-17,台北市,北投區,13,408,0.0001
48813,2022-04-17,台北市,中正區,11,367,0.0001
48814,2022-04-17,台北市,內湖區,24,348,0.0001
48815,2022-04-17,台北市,松山區,16,299,0.0001
48816,2022-04-17,台北市,南港區,18,209,0.0002
48963,2022-04-16,台北市,萬華區,12,2017,0.0001
48964,2022-04-16,台北市,中山區,28,555,0.0001
48965,2022-04-16,台北市,士林區,22,530,0.0001
48966,2022-04-16,台北市,文山區,22,484,0.0001
48967,2022-04-16,台北市,大安區,25,454,0.0001
48968,2022-04-16,台北市,信義區,18,414,0.0001
48969,2022-04-16,台北市,大同區,19,405,0.0002
48970,2022-04-16,台北市,北投區,16,395,0.0001
48971,2022-04-16,台北市,中正區,12,356,0.0001
48972,2022-04-16,台北市,內湖區,27,324,0.0001
48973,2022-04-16,台北市,松山區,12,283,0.0001
48974,2022-04-16,台北市,南港區,10,191,0.0001
49122,2022-04-15,台北市,萬華區,18,2005,0.0001
49123,2022-04-15,台北市,中山區,28,527,0.0001
49124,2022-04-15,台北市,士林區,11,508,0.0
49125,2022-04-15,台北市,文山區,24,462,0.0001
49126,2022-04-15,台北市,大安區,19,429,0.0001
49127,2022-04-15,台北市,信義區,21,396,0.0001
49128,2022-04-15,台北市,大同區,19,386,0.0002
49129,2022-04-15,台北市,北投區,14,379,0.0001
49130,2022-04-15,台北市,中正區,10,344,0.0001
49131,2022-04-15,台北市,內湖區,11,297,0.0
49132,2022-04-15,台北市,松山區,6,271,0.0
49133,2022-04-15,台北市,南港區,4,181,0.0
49292,2022-04-14,台北市,萬華區,11,1987,0.0001
49293,2022-04-14,台北市,中山區,23,499,0.0001
49294,2022-04-14,台北市,士林區,15,497,0.0001
49295,2022-04-14,台北市,文山區,15,438,0.0001
49296,2022-04-14,台北市,大安區,15,410,0.0001
49297,2022-04-14,台北市,信義區,10,375,0.0
49298,2022-04-14,台北市,大同區,4,367,0.0
49299,2022-04-14,台北市,北投區,10,365,0.0
49300,2022-04-14,台北市,中正區,8,334,0.0001
49301,2022-04-14,台北市,內湖區,18,286,0.0001
49302,2022-04-14,台北市,松山區,13,265,0.0001
49303,2022-04-14,台北市,南港區,3,177,0.0
49460,2022-04-13,台北市,萬華區,13,1976,0.0001
49461,2022-04-13,台北市,士林區,10,482,0.0
49462,2022-04-13,台北市,中山區,24,476,0.0001
49463,2022-04-13,台北市,文山區,9,423,0.0
49464,2022-04-13,台北市,大安區,19,395,0.0001
49465,2022-04-13,台北市,信義區,13,365,0.0001
49466,2022-04-13,台北市,大同區,12,363,0.0001
49467,2022-04-13,台北市,北投區,15,355,0.0001
49468,2022-04-13,台北市,中正區,6,326,0.0
49469,2022-04-13,台北市,內湖區,12,268,0.0
49470,2022-04-13,台北市,松山區,11,252,0.0001
49471,2022-04-13,台北市,南港區,3,174,0.0
49606,2022-04-12,台北市,萬華區,18,1963,0.0001
49607,2022-04-12,台北市,士林區,8,472,0.0
49608,2022-04-12,台北市,中山區,26,452,0.0001
49609,2022-04-12,台北市,大安區,18,376,0.0001
49610,2022-04-12,台北市,信義區,15,352,0.0001
49611,2022-04-12,台北市,大同區,7,351,0.0001
49612,2022-04-12,台北市,北投區,20,340,0.0001
49613,2022-04-12,台北市,中正區,4,320,0.0
49614,2022-04-12,台北市,內湖區,8,256,0.0
49615,2022-04-12,台北市,松山區,12,241,0.0001
49616,2022-04-12,台北市,南港區,6,171,0.0001
49756,2022-04-11,台北市,萬華區,6,1945,0.0
49757,2022-04-11,台北市,士林區,4,464,0.0
49758,2022-04-11,台北市,中山區,29,426,0.0001
49759,2022-04-11,台北市,文山區,7,414,0.0
49760,2022-04-11,台北市,大安區,9,358,0.0
49761,2022-04-11,台北市,大同區,7,344,0.0001
49762,2022-04-11,台北市,信義區,10,337,0.0
49763,2022-04-11,台北市,北投區,6,320,0.0
49764,2022-04-11,台北市,中正區,5,316,0.0
49765,2022-04-11,台北市,內湖區,7,248,0.0
49766,2022-04-11,台北市,松山區,5,229,0.0
49767,2022-04-11,台北市,南港區,6,165,0.0001
49885,2022-04-10,台北市,萬華區,12,1939,0.0001
49886,2022-04-10,台北市,士林區,7,460,0.0
49887,2022-04-10,台北市,文山區,4,407,0.0
49888,2022-04-10,台北市,中山區,23,397,0.0001
49889,2022-04-10,台北市,大安區,9,349,0.0
49890,2022-04-10,台北市,大同區,10,337,0.0001
49891,2022-04-10,台北市,信義區,5,327,0.0
49892,2022-04-10,台北市,北投區,12,314,0.0
49893,2022-04-10,台北市,中正區,1,311,0.0
49894,2022-04-10,台北市,內湖區,4,241,0.0
49895,2022-04-10,台北市,松山區,6,224,0.0
49896,2022-04-10,台北市,南港區,4,159,0.0
50015,2022-04-09,台北市,萬華區,11,1927,0.0001
50016,2022-04-09,台北市,士林區,6,453,0.0
50017,2022-04-09,台北市,文山區,2,403,0.0
50018,2022-04-09,台北市,中山區,8,374,0.0
50019,2022-04-09,台北市,大安區,7,340,0.0
50020,2022-04-09,台北市,大同區,3,327,0.0
50021,2022-04-09,台北市,信義區,6,322,0.0
50022,2022-04-09,台北市,中正區,4,310,0.0
50023,2022-04-09,台北市,北投區,10,302,0.0
50024,2022-04-09,台北市,內湖區,4,237,0.0
50025,2022-04-09,台北市,松山區,3,218,0.0
50026,2022-04-09,台北市,南港區,3,155,0.0
50132,2022-04-08,台北市,萬華區,5,1916,0.0
50133,2022-04-08,台北市,士林區,5,447,0.0
50134,2022-04-08,台北市,文山區,3,401,0.0
50135,2022-04-08,台北市,中山區,23,366,0.0001
50136,2022-04-08,台北市,大安區,7,333,0.0
50137,2022-04-08,台北市,大同區,2,324,0.0
50138,2022-04-08,台北市,信義區,4,316,0.0
50139,2022-04-08,台北市,中正區,3,306,0.0
50140,2022-04-08,台北市,北投區,10,292,0.0
50141,2022-04-08,台北市,內湖區,4,233,0.0
50142,2022-04-08,台北市,松山區,5,215,0.0
50143,2022-04-08,台北市,南港區,3,152,0.0
50239,2022-04-07,台北市,萬華區,4,1911,0.0
50240,2022-04-07,台北市,士林區,2,442,0.0
50241,2022-04-07,台北市,文山區,5,398,0.0
50242,2022-04-07,台北市,中山區,18,343,0.0001
50243,2022-04-07,台北市,大安區,5,326,0.0
50244,2022-04-07,台北市,大同區,2,322,0.0
50245,2022-04-07,台北市,信義區,3,312,0.0
50246,2022-04-07,台北市,中正區,3,303,0.0
50247,2022-04-07,台北市,北投區,11,282,0.0
50248,2022-04-07,台北市,內湖區,4,229,0.0
50249,2022-04-07,台北市,松山區,2,210,0.0
50250,2022-04-07,台北市,南港區,2,149,0.0
50350,2022-04-06,台北市,萬華區,4,1907,0.0
50351,2022-04-06,台北市,士林區,10,440,0.0
50352,2022-04-06,台北市,文山區,7,393,0.0
50353,2022-04-06,台北市,中山區,12,325,0.0001
50354,2022-04-06,台北市,大安區,6,321,0.0
50355,2022-04-06,台北市,大同區,5,320,0.0
50356,2022-04-06,台北市,信義區,4,309,0.0
50357,2022-04-06,台北市,中正區,3,300,0.0
50358,2022-04-06,台北市,北投區,11,271,0.0
50359,2022-04-06,台北市,內湖區,14,225,0.0001
50360,2022-04-06,台北市,松山區,5,208,0.0
50361,2022-04-06,台北市,南港區,3,147,0.0
50461,2022-04-05,台北市,萬華區,4,1903,0.0
50462,2022-04-05,台北市,士林區,3,430,0.0
50463,2022-04-05,台北市,文山區,2,386,0.0
50464,2022-04-05,台北市,大同區,1,315,0.0
50465,2022-04-05,台北市,大安區,6,315,0.0
50466,2022-04-05,台北市,中山區,7,313,0.0
50467,2022-04-05,台北市,信義區,2,305,0.0
50468,2022-04-05,台北市,中正區,1,297,0.0
50469,2022-04-05,台北市,北投區,4,260,0.0
50470,2022-04-05,台北市,內湖區,7,211,0.0
50471,2022-04-05,台北市,松山區,2,203,0.0
50472,2022-04-05,台北市,南港區,2,144,0.0
50554,2022-04-04,台北市,士林區,4,427,0.0
50555,2022-04-04,台北市,大同區,3,314,0.0
50556,2022-04-04,台北市,大安區,1,309,0.0
50557,2022-04-04,台北市,中山區,7,306,0.0
50558,2022-04-04,台北市,信義區,3,303,0.0
50559,2022-04-04,台北市,中正區,2,296,0.0
50560,2022-04-04,台北市,北投區,1,256,0.0
50561,2022-04-04,台北市,內湖區,3,204,0.0
50562,2022-04-04,台北市,松山區,3,201,0.0
50563,2022-04-04,台北市,南港區,2,142,0.0
50623,2022-04-03,台北市,萬華區,2,1899,0.0
50624,2022-04-03,台北市,士林區,2,423,0.0
50625,2022-04-03,台北市,大安區,6,308,0.0
50626,2022-04-03,台北市,信義區,3,300,0.0
50627,2022-04-03,台北市,中山區,1,299,0.0
50628,2022-04-03,台北市,中正區,3,294,0.0
50629,2022-04-03,台北市,北投區,2,255,0.0
50630,2022-04-03,台北市,內湖區,2,201,0.0
50631,2022-04-03,台北市,松山區,1,198,0.0
50682,2022-04-02,台北市,萬華區,1,1897,0.0
50683,2022-04-02,台北市,士林區,3,421,0.0
50684,2022-04-02,台北市,文山區,1,384,0.0
50685,2022-04-02,台北市,大同區,1,311,0.0
50686,2022-04-02,台北市,大安區,1,302,0.0
50687,2022-04-02,台北市,中山區,1,298,0.0
50688,2022-04-02,台北市,北投區,2,253,0.0
50689,2022-04-02,台北市,內湖區,2,199,0.0
50690,2022-04-02,台北市,松山區,1,197,0.0
50743,2022-04-01,台北市,萬華區,3,1896,0.0
50744,2022-04-01,台北市,士林區,2,418,0.0
50745,2022-04-01,台北市,文山區,1,383,0.0
50746,2022-04-01,台北市,大同區,1,310,0.0
50747,2022-04-01,台北市,大安區,2,301,0.0
50748,2022-04-01,台北市,北投區,3,251,0.0
50749,2022-04-01,台北市,內湖區,3,197,0.0
50750,2022-04-01,台北市,松山區,2,196,0.0
50751,2022-04-01,台北市,南港區,2,140,0.0
50811,2022-03-31,台北市,萬華區,1,1893,0.0
50812,2022-03-31,台北市,士林區,2,416,0.0
50813,2022-03-31,台北市,文山區,1,382,0.0
50814,2022-03-31,台北市,中山區,1,297,0.0
50815,2022-03-31,台北市,中正區,2,291,0.0
50816,2022-03-31,台北市,內湖區,3,194,0.0
50859,2022-03-30,台北市,萬華區,1,1892,0.0
50860,2022-03-30,台北市,大安區,1,299,0.0
50861,2022-03-30,台北市,信義區,1,297,0.0
50862,2022-03-30,台北市,中山區,1,296,0.0
50863,2022-03-30,台北市,北投區,1,248,0.0
50864,2022-03-30,台北市,松山區,2,194,0.0
50900,2022-03-29,台北市,中正區,1,289,0.0
50930,2022-03-28,台北市,萬華區,1,1891,0.0
50931,2022-03-28,台北市,士林區,1,414,0.0
50932,2022-03-28,台北市,中山區,1,295,0.0
50933,2022-03-28,台北市,松山區,2,192,0.0
50964,2022-03-27,台北市,內湖區,1,191,0.0
51041,2022-03-23,台北市,萬華區,1,1890,0.0
51051,2022-03-22,台北市,萬華區,2,1889,0.0
51052,2022-03-22,台北市,中山區,1,294,0.0
51058,2022-03-21,台北市,萬華區,1,1887,0.0
51070,2022-03-20,台北市,中山區,1,293,0.0
51094,2022-03-18,台北市,文山區,1,381,0.0
51123,2022-03-12,台北市,萬華區,2,1886,0.0
51131,2022-03-11,台北市,內湖區,2,190,0.0
51201,2022-02-28,台北市,內湖區,1,188,0.0
51229,2022-02-25,台北市,內湖區,1,187,0.0
51245,2022-02-23,台北市,北投區,1,247,0.0
51268,2022-02-20,台北市,北投區,1,246,0.0
51278,2022-02-19,台北市,萬華區,1,1884,0.0
51279,2022-02-19,台北市,中正區,1,288,0.0
51290,2022-02-18,台北市,大同區,3,309,0.0
51291,2022-02-18,台北市,信義區,1,296,0.0
51292,2022-02-18,台北市,北投區,1,245,0.0
51304,2022-02-17,台北市,信義區,1,295,0.0
51320,2022-02-16,台北市,信義區,2,294,0.0
51321,2022-02-16,台北市,北投區,1,244,0.0
51337,2022-02-15,台北市,北投區,1,243,0.0
51423,2022-02-08,台北市,松山區,1,190,0.0
51442,2022-02-07,台北市,文山區,1,380,0.0
51443,2022-02-07,台北市,松山區,4,189,0.0
51444,2022-02-07,台北市,內湖區,1,186,0.0
51474,2022-02-04,台北市,松山區,1,185,0.0
51490,2022-02-03,台北市,松山區,1,184,0.0
51525,2022-02-01,台北市,內湖區,1,185,0.0
51550,2022-01-30,台北市,松山區,1,183,0.0
51582,2022-01-28,台北市,信義區,1,292,0.0
51602,2022-01-27,台北市,中山區,1,292,0.0
51603,2022-01-27,台北市,內湖區,2,184,0.0
51604,2022-01-27,台北市,松山區,2,182,0.0
51625,2022-01-26,台北市,文山區,1,379,0.0
51645,2022-01-25,台北市,文山區,1,378,0.0
51646,2022-01-25,台北市,南港區,1,138,0.0
51686,2022-01-23,台北市,士林區,1,413,0.0
51687,2022-01-23,台北市,北投區,1,242,0.0
51711,2022-01-22,台北市,士林區,2,412,0.0
51735,2022-01-21,台北市,內湖區,1,182,0.0
51753,2022-01-20,台北市,大同區,1,306,0.0
51754,2022-01-20,台北市,北投區,1,241,0.0
51798,2022-01-16,台北市,北投區,1,240,0.0
51821,2022-01-14,台北市,北投區,1,239,0.0
51846,2022-01-11,台北市,北投區,1,238,0.0
51857,2022-01-10,台北市,大同區,1,305,0.0
51870,2022-01-08,台北市,中山區,1,291,0.0
51887,2022-01-05,台北市,萬華區,1,1883,0.0
51907,2022-01-02,台北市,大同區,1,304,0.0
51915,2021-12-30,台北市,萬華區,1,1882,0.0
51916,2021-12-30,台北市,士林區,1,410,0.0
51952,2021-12-15,台北市,士林區,1,409,0.0
52053,2021-11-03,台北市,萬華區,1,1881,0.0
52075,2021-10-24,台北市,萬華區,1,1880,0.0
52117,2021-10-08,台北市,萬華區,1,1879,0.0
52143,2021-09-27,台北市,中正區,1,287,0.0
52165,2021-09-19,台北市,北投區,1,237,0.0
52169,2021-09-18,台北市,萬華區,1,1878,0.0
52175,2021-09-16,台北市,萬華區,1,1877,0.0
52176,2021-09-16,台北市,大同區,1,303,0.0
52198,2021-09-11,台北市,萬華區,1,1876,0.0
52208,2021-09-09,台北市,中山區,1,290,0.0
52214,2021-09-08,台北市,文山區,2,377,0.0
52224,2021-09-06,台北市,北投區,1,236,0.0
52247,2021-09-01,台北市,中山區,1,289,0.0
52251,2021-08-31,台北市,信義區,1,291,0.0
52255,2021-08-30,台北市,中正區,1,286,0.0
52268,2021-08-28,台北市,北投區,1,235,0.0
52279,2021-08-25,台北市,文山區,1,375,0.0
52297,2021-08-21,台北市,萬華區,1,1875,0.0
52298,2021-08-21,台北市,士林區,1,408,0.0
52299,2021-08-21,台北市,大同區,1,302,0.0
52314,2021-08-19,台北市,大安區,2,298,0.0
52328,2021-08-17,台北市,士林區,1,407,0.0
52329,2021-08-17,台北市,文山區,2,374,0.0
52330,2021-08-17,台北市,大安區,1,296,0.0
52336,2021-08-16,台北市,萬華區,1,1874,0.0
52337,2021-08-16,台北市,內湖區,1,181,0.0
52344,2021-08-15,台北市,文山區,1,372,0.0
52355,2021-08-14,台北市,萬華區,1,1873,0.0
52361,2021-08-13,台北市,中山區,1,288,0.0
52367,2021-08-12,台北市,信義區,1,290,0.0
52368,2021-08-12,台北市,中山區,1,287,0.0
52375,2021-08-11,台北市,文山區,1,371,0.0
52376,2021-08-11,台北市,大同區,1,301,0.0
52377,2021-08-11,台北市,信義區,1,289,0.0
52383,2021-08-10,台北市,萬華區,2,1872,0.0
52384,2021-08-10,台北市,大同區,1,300,0.0
52385,2021-08-10,台北市,南港區,1,137,0.0
52403,2021-08-08,台北市,士林區,1,406,0.0
52404,2021-08-08,台北市,大安區,1,295,0.0
52412,2021-08-07,台北市,文山區,1,370,0.0
52413,2021-08-07,台北市,信義區,1,288,0.0
52421,2021-08-06,台北市,南港區,1,136,0.0
52431,2021-08-05,台北市,中山區,1,286,0.0
52432,2021-08-05,台北市,內湖區,1,180,0.0
52433,2021-08-05,台北市,松山區,1,180,0.0
52444,2021-08-04,台北市,萬華區,1,1870,0.0
52455,2021-08-03,台北市,萬華區,1,1869,0.0
52456,2021-08-03,台北市,士林區,1,405,0.0
52457,2021-08-03,台北市,大安區,2,294,0.0
52458,2021-08-03,台北市,內湖區,1,179,0.0
52469,2021-08-02,台北市,萬華區,2,1868,0.0
52470,2021-08-02,台北市,中山區,2,285,0.0
52482,2021-08-01,台北市,中山區,1,283,0.0
52483,2021-08-01,台北市,內湖區,1,178,0.0
52500,2021-07-31,台北市,文山區,1,369,0.0
52501,2021-07-31,台北市,信義區,1,287,0.0
52502,2021-07-31,台北市,北投區,1,234,0.0
52503,2021-07-31,台北市,內湖區,1,177,0.0
52514,2021-07-30,台北市,士林區,1,404,0.0
52515,2021-07-30,台北市,信義區,1,286,0.0
52516,2021-07-30,台北市,松山區,2,179,0.0
52527,2021-07-29,台北市,萬華區,3,1866,0.0
52528,2021-07-29,台北市,文山區,1,368,0.0
52529,2021-07-29,台北市,大安區,1,292,0.0
52530,2021-07-29,台北市,內湖區,2,176,0.0
52546,2021-07-28,台北市,萬華區,1,1863,0.0
52547,2021-07-28,台北市,士林區,3,403,0.0
52548,2021-07-28,台北市,北投區,1,233,0.0
52549,2021-07-28,台北市,松山區,1,177,0.0
52565,2021-07-27,台北市,萬華區,2,1862,0.0
52566,2021-07-27,台北市,士林區,2,400,0.0
52567,2021-07-27,台北市,文山區,1,367,0.0
52568,2021-07-27,台北市,中正區,1,285,0.0
52583,2021-07-26,台北市,大同區,1,299,0.0
52584,2021-07-26,台北市,大安區,1,291,0.0
52585,2021-07-26,台北市,中正區,1,284,0.0
52586,2021-07-26,台北市,南港區,1,135,0.0
52600,2021-07-25,台北市,萬華區,1,1860,0.0
52601,2021-07-25,台北市,內湖區,3,174,0.0
52610,2021-07-24,台北市,萬華區,2,1859,0.0
52611,2021-07-24,台北市,士林區,1,398,0.0
52612,2021-07-24,台北市,文山區,1,366,0.0
52613,2021-07-24,台北市,大安區,1,290,0.0
52614,2021-07-24,台北市,信義區,1,285,0.0
52615,2021-07-24,台北市,北投區,1,232,0.0
52625,2021-07-23,台北市,萬華區,2,1857,0.0
52626,2021-07-23,台北市,士林區,1,397,0.0
52627,2021-07-23,台北市,大安區,2,289,0.0
52628,2021-07-23,台北市,信義區,1,284,0.0
52629,2021-07-23,台北市,中正區,1,283,0.0
52650,2021-07-22,台北市,大安區,2,287,0.0
52651,2021-07-22,台北市,中正區,2,282,0.0
52672,2021-07-21,台北市,萬華區,7,1855,0.0
52673,2021-07-21,台北市,士林區,4,396,0.0
52674,2021-07-21,台北市,文山區,2,365,0.0
52675,2021-07-21,台北市,大安區,3,285,0.0
52676,2021-07-21,台北市,中正區,1,280,0.0
52677,2021-07-21,台北市,內湖區,3,171,0.0
52695,2021-07-20,台北市,萬華區,2,1848,0.0
52696,2021-07-20,台北市,士林區,1,392,0.0
52697,2021-07-20,台北市,大安區,1,282,0.0
52698,2021-07-20,台北市,北投區,3,231,0.0
52714,2021-07-19,台北市,中正區,1,279,0.0
52729,2021-07-18,台北市,士林區,1,391,0.0
52730,2021-07-18,台北市,信義區,1,283,0.0
52731,2021-07-18,台北市,松山區,1,176,0.0
52732,2021-07-18,台北市,內湖區,2,168,0.0
52748,2021-07-17,台北市,中正區,1,278,0.0
52758,2021-07-16,台北市,萬華區,4,1846,0.0
52759,2021-07-16,台北市,士林區,2,390,0.0
52760,2021-07-16,台北市,文山區,1,363,0.0
52761,2021-07-16,台北市,中山區,2,282,0.0
52762,2021-07-16,台北市,信義區,1,282,0.0
52763,2021-07-16,台北市,北投區,1,228,0.0
52764,2021-07-16,台北市,內湖區,2,166,0.0
52782,2021-07-15,台北市,萬華區,6,1842,0.0
52783,2021-07-15,台北市,文山區,1,362,0.0
52784,2021-07-15,台北市,大同區,1,298,0.0
52785,2021-07-15,台北市,中山區,1,280,0.0
52798,2021-07-14,台北市,萬華區,4,1836,0.0
52799,2021-07-14,台北市,士林區,3,388,0.0
52800,2021-07-14,台北市,中正區,1,277,0.0
52801,2021-07-14,台北市,內湖區,1,164,0.0
52814,2021-07-13,台北市,萬華區,2,1832,0.0
52815,2021-07-13,台北市,信義區,2,281,0.0
52816,2021-07-13,台北市,中山區,3,279,0.0
52837,2021-07-12,台北市,萬華區,1,1830,0.0
52838,2021-07-12,台北市,士林區,1,385,0.0
52839,2021-07-12,台北市,文山區,1,361,0.0
52840,2021-07-12,台北市,大安區,1,281,0.0
52841,2021-07-12,台北市,中山區,4,276,0.0
52842,2021-07-12,台北市,南港區,1,134,0.0
52861,2021-07-11,台北市,萬華區,6,1829,0.0
52862,2021-07-11,台北市,大安區,1,280,0.0
52863,2021-07-11,台北市,中山區,3,272,0.0
52864,2021-07-11,台北市,松山區,1,175,0.0
52883,2021-07-10,台北市,萬華區,6,1823,0.0
52884,2021-07-10,台北市,文山區,1,360,0.0
52885,2021-07-10,台北市,大安區,1,279,0.0
52886,2021-07-10,台北市,信義區,2,279,0.0
52887,2021-07-10,台北市,中山區,1,269,0.0
52888,2021-07-10,台北市,松山區,1,174,0.0
52908,2021-07-09,台北市,萬華區,11,1817,0.0001
52909,2021-07-09,台北市,大同區,2,297,0.0
52910,2021-07-09,台北市,大安區,1,278,0.0
52911,2021-07-09,台北市,信義區,1,277,0.0
52912,2021-07-09,台北市,內湖區,4,163,0.0
52927,2021-07-08,台北市,萬華區,1,1806,0.0
52928,2021-07-08,台北市,士林區,1,384,0.0
52929,2021-07-08,台北市,文山區,3,359,0.0
52930,2021-07-08,台北市,大安區,3,277,0.0
52931,2021-07-08,台北市,信義區,1,276,0.0
52932,2021-07-08,台北市,松山區,1,173,0.0
52933,2021-07-08,台北市,內湖區,2,159,0.0
52944,2021-07-07,台北市,萬華區,7,1805,0.0
52945,2021-07-07,台北市,士林區,3,383,0.0
52946,2021-07-07,台北市,信義區,3,275,0.0
52947,2021-07-07,台北市,內湖區,1,157,0.0
52968,2021-07-06,台北市,萬華區,4,1798,0.0
52969,2021-07-06,台北市,士林區,4,380,0.0
52970,2021-07-06,台北市,信義區,4,272,0.0
52971,2021-07-06,台北市,中山區,1,268,0.0
52986,2021-07-05,台北市,萬華區,5,1794,0.0
52987,2021-07-05,台北市,士林區,1,376,0.0
52988,2021-07-05,台北市,文山區,3,356,0.0
52989,2021-07-05,台北市,大安區,2,274,0.0
52990,2021-07-05,台北市,信義區,1,268,0.0
52991,2021-07-05,台北市,松山區,2,172,0.0
53010,2021-07-04,台北市,士林區,1,375,0.0
53011,2021-07-04,台北市,文山區,4,353,0.0
53012,2021-07-04,台北市,大同區,2,295,0.0
53013,2021-07-04,台北市,大安區,3,272,0.0
53014,2021-07-04,台北市,中山區,4,267,0.0
53015,2021-07-04,台北市,信義區,2,267,0.0
53016,2021-07-04,台北市,北投區,1,227,0.0
53034,2021-07-03,台北市,萬華區,30,1789,0.0002
53035,2021-07-03,台北市,士林區,5,374,0.0
53036,2021-07-03,台北市,文山區,3,349,0.0
53037,2021-07-03,台北市,大同區,2,293,0.0
53038,2021-07-03,台北市,信義區,2,265,0.0
53039,2021-07-03,台北市,中山區,3,263,0.0
53040,2021-07-03,台北市,北投區,2,226,0.0
53041,2021-07-03,台北市,內湖區,1,156,0.0
53065,2021-07-02,台北市,萬華區,9,1759,0.0001
53066,2021-07-02,台北市,士林區,2,369,0.0
53067,2021-07-02,台北市,文山區,2,346,0.0
53068,2021-07-02,台北市,大同區,4,291,0.0
53069,2021-07-02,台北市,中正區,7,276,0.0
53070,2021-07-02,台北市,大安區,1,269,0.0
53071,2021-07-02,台北市,中山區,4,260,0.0
53095,2021-07-01,台北市,萬華區,4,1750,0.0
53096,2021-07-01,台北市,士林區,1,367,0.0
53097,2021-07-01,台北市,文山區,1,344,0.0
53098,2021-07-01,台北市,中正區,2,269,0.0
53099,2021-07-01,台北市,大安區,1,268,0.0
53100,2021-07-01,台北市,中山區,6,256,0.0
53101,2021-07-01,台北市,松山區,3,170,0.0
53125,2021-06-30,台北市,萬華區,2,1746,0.0
53126,2021-06-30,台北市,士林區,2,366,0.0
53127,2021-06-30,台北市,文山區,3,343,0.0
53128,2021-06-30,台北市,大同區,2,287,0.0
53129,2021-06-30,台北市,大安區,1,267,0.0
53130,2021-06-30,台北市,中正區,1,267,0.0
53131,2021-06-30,台北市,信義區,3,263,0.0
53132,2021-06-30,台北市,北投區,5,224,0.0
53133,2021-06-30,台北市,松山區,1,167,0.0
53160,2021-06-29,台北市,士林區,4,364,0.0
53161,2021-06-29,台北市,文山區,2,340,0.0
53162,2021-06-29,台北市,大同區,1,285,0.0
53163,2021-06-29,台北市,大安區,1,266,0.0
53164,2021-06-29,台北市,中正區,3,266,0.0
53165,2021-06-29,台北市,信義區,3,260,0.0
53166,2021-06-29,台北市,中山區,4,250,0.0
53167,2021-06-29,台北市,內湖區,1,155,0.0
53168,2021-06-29,台北市,南港區,1,133,0.0
53196,2021-06-28,台北市,萬華區,3,1744,0.0
53197,2021-06-28,台北市,士林區,3,360,0.0
53198,2021-06-28,台北市,大同區,2,284,0.0
53199,2021-06-28,台北市,信義區,2,257,0.0
53200,2021-06-28,台北市,中山區,6,246,0.0
53201,2021-06-28,台北市,北投區,4,219,0.0
53202,2021-06-28,台北市,南港區,2,132,0.0
53227,2021-06-27,台北市,萬華區,8,1741,0.0
53228,2021-06-27,台北市,士林區,4,357,0.0
53229,2021-06-27,台北市,文山區,7,338,0.0
53230,2021-06-27,台北市,大同區,4,282,0.0
53231,2021-06-27,台北市,信義區,2,255,0.0
53232,2021-06-27,台北市,中山區,2,240,0.0
53233,2021-06-27,台北市,北投區,4,215,0.0
53234,2021-06-27,台北市,松山區,2,166,0.0
53256,2021-06-26,台北市,萬華區,15,1733,0.0001
53257,2021-06-26,台北市,大安區,2,265,0.0
53258,2021-06-26,台北市,中正區,2,263,0.0
53259,2021-06-26,台北市,信義區,4,253,0.0
53260,2021-06-26,台北市,北投區,1,211,0.0
53261,2021-06-26,台北市,松山區,3,164,0.0
53262,2021-06-26,台北市,內湖區,1,154,0.0
53263,2021-06-26,台北市,南港區,2,130,0.0
53299,2021-06-25,台北市,萬華區,8,1718,0.0
53300,2021-06-25,台北市,士林區,2,353,0.0
53301,2021-06-25,台北市,文山區,4,331,0.0
53302,2021-06-25,台北市,大同區,1,278,0.0
53303,2021-06-25,台北市,中正區,1,261,0.0
53304,2021-06-25,台北市,信義區,1,249,0.0
53305,2021-06-25,台北市,松山區,2,161,0.0
53342,2021-06-24,台北市,萬華區,15,1710,0.0001
53343,2021-06-24,台北市,士林區,5,351,0.0
53344,2021-06-24,台北市,文山區,3,327,0.0
53345,2021-06-24,台北市,大同區,3,277,0.0
53346,2021-06-24,台北市,大安區,2,263,0.0
53347,2021-06-24,台北市,中正區,2,260,0.0
53348,2021-06-24,台北市,信義區,1,248,0.0
53349,2021-06-24,台北市,中山區,2,238,0.0
53350,2021-06-24,台北市,松山區,2,159,0.0
53395,2021-06-23,台北市,萬華區,9,1695,0.0001
53396,2021-06-23,台北市,士林區,4,346,0.0
53397,2021-06-23,台北市,文山區,4,324,0.0
53398,2021-06-23,台北市,大安區,1,261,0.0
53399,2021-06-23,台北市,中正區,1,258,0.0
53400,2021-06-23,台北市,信義區,1,247,0.0
53401,2021-06-23,台北市,中山區,1,236,0.0
53402,2021-06-23,台北市,內湖區,1,153,0.0
53449,2021-06-22,台北市,萬華區,4,1686,0.0
53450,2021-06-22,台北市,士林區,2,342,0.0
53451,2021-06-22,台北市,文山區,2,320,0.0
53452,2021-06-22,台北市,大安區,2,260,0.0
53453,2021-06-22,台北市,中正區,7,257,0.0
53454,2021-06-22,台北市,信義區,1,246,0.0
53455,2021-06-22,台北市,中山區,2,235,0.0
53456,2021-06-22,台北市,北投區,1,210,0.0
53457,2021-06-22,台北市,內湖區,1,152,0.0
53458,2021-06-22,台北市,南港區,2,128,0.0
53485,2021-06-21,台北市,萬華區,2,1682,0.0
53486,2021-06-21,台北市,士林區,4,340,0.0
53487,2021-06-21,台北市,文山區,2,318,0.0
53488,2021-06-21,台北市,大同區,2,274,0.0
53489,2021-06-21,台北市,大安區,5,258,0.0
53490,2021-06-21,台北市,中正區,3,250,0.0
53491,2021-06-21,台北市,中山區,1,233,0.0
53492,2021-06-21,台北市,北投區,1,209,0.0
53493,2021-06-21,台北市,南港區,1,126,0.0
53526,2021-06-20,台北市,萬華區,7,1680,0.0
53527,2021-06-20,台北市,士林區,8,336,0.0
53528,2021-06-20,台北市,文山區,5,316,0.0
53529,2021-06-20,台北市,大同區,3,272,0.0
53530,2021-06-20,台北市,大安區,1,253,0.0
53531,2021-06-20,台北市,中正區,1,247,0.0
53532,2021-06-20,台北市,中山區,1,232,0.0
53533,2021-06-20,台北市,北投區,1,208,0.0
53534,2021-06-20,台北市,松山區,3,157,0.0
53535,2021-06-20,台北市,內湖區,1,151,0.0
53536,2021-06-20,台北市,南港區,1,125,0.0
53571,2021-06-19,台北市,萬華區,10,1673,0.0001
53572,2021-06-19,台北市,士林區,5,328,0.0
53573,2021-06-19,台北市,大同區,1,269,0.0
53574,2021-06-19,台北市,大安區,3,252,0.0
53575,2021-06-19,台北市,中正區,2,246,0.0
53576,2021-06-19,台北市,信義區,1,245,0.0
53577,2021-06-19,台北市,中山區,5,231,0.0
53578,2021-06-19,台北市,北投區,1,207,0.0
53579,2021-06-19,台北市,內湖區,1,150,0.0
53615,2021-06-18,台北市,萬華區,10,1663,0.0001
53616,2021-06-18,台北市,士林區,33,323,0.0001
53617,2021-06-18,台北市,文山區,1,311,0.0
53618,2021-06-18,台北市,大同區,4,268,0.0
53619,2021-06-18,台北市,大安區,2,249,0.0
53620,2021-06-18,台北市,中正區,2,244,0.0
53621,2021-06-18,台北市,信義區,7,244,0.0
53622,2021-06-18,台北市,中山區,6,226,0.0
53623,2021-06-18,台北市,北投區,3,206,0.0
53624,2021-06-18,台北市,松山區,2,154,0.0
53625,2021-06-18,台北市,南港區,1,124,0.0
53664,2021-06-17,台北市,萬華區,6,1653,0.0
53665,2021-06-17,台北市,文山區,3,310,0.0
53666,2021-06-17,台北市,士林區,13,290,0.0
53667,2021-06-17,台北市,大同區,4,264,0.0
53668,2021-06-17,台北市,中正區,3,242,0.0
53669,2021-06-17,台北市,信義區,3,237,0.0
53670,2021-06-17,台北市,中山區,1,220,0.0
53671,2021-06-17,台北市,松山區,4,152,0.0
53706,2021-06-16,台北市,萬華區,17,1647,0.0001
53707,2021-06-16,台北市,文山區,2,307,0.0
53708,2021-06-16,台北市,士林區,15,277,0.0001
53709,2021-06-16,台北市,大安區,7,247,0.0
53710,2021-06-16,台北市,中正區,2,239,0.0
53711,2021-06-16,台北市,信義區,2,234,0.0
53712,2021-06-16,台北市,中山區,1,219,0.0
53713,2021-06-16,台北市,北投區,3,203,0.0
53714,2021-06-16,台北市,松山區,1,148,0.0
53715,2021-06-16,台北市,南港區,1,123,0.0
53754,2021-06-15,台北市,萬華區,6,1630,0.0
53755,2021-06-15,台北市,文山區,1,305,0.0
53756,2021-06-15,台北市,大同區,4,260,0.0
53757,2021-06-15,台北市,大安區,5,240,0.0
53758,2021-06-15,台北市,中正區,2,237,0.0
53759,2021-06-15,台北市,中山區,1,218,0.0
53760,2021-06-15,台北市,北投區,6,200,0.0
53761,2021-06-15,台北市,松山區,1,147,0.0
53762,2021-06-15,台北市,南港區,1,122,0.0
53805,2021-06-14,台北市,萬華區,8,1624,0.0
53806,2021-06-14,台北市,文山區,5,304,0.0
53807,2021-06-14,台北市,士林區,4,262,0.0
53808,2021-06-14,台北市,大同區,7,256,0.0001
53809,2021-06-14,台北市,大安區,3,235,0.0
53810,2021-06-14,台北市,中正區,1,235,0.0
53811,2021-06-14,台北市,信義區,3,232,0.0
53812,2021-06-14,台北市,北投區,8,194,0.0
53813,2021-06-14,台北市,南港區,1,121,0.0
53855,2021-06-13,台北市,萬華區,14,1616,0.0001
53856,2021-06-13,台北市,文山區,6,299,0.0
53857,2021-06-13,台北市,士林區,4,258,0.0
53858,2021-06-13,台北市,大同區,7,249,0.0001
53859,2021-06-13,台北市,中正區,4,234,0.0
53860,2021-06-13,台北市,大安區,5,232,0.0
53861,2021-06-13,台北市,信義區,3,229,0.0
53862,2021-06-13,台北市,中山區,3,217,0.0
53863,2021-06-13,台北市,北投區,9,186,0.0
53864,2021-06-13,台北市,內湖區,4,149,0.0
53865,2021-06-13,台北市,松山區,1,146,0.0
53866,2021-06-13,台北市,南港區,3,120,0.0
53912,2021-06-12,台北市,萬華區,19,1602,0.0001
53913,2021-06-12,台北市,文山區,7,293,0.0
53914,2021-06-12,台北市,士林區,5,254,0.0
53915,2021-06-12,台北市,大同區,7,242,0.0001
53916,2021-06-12,台北市,中正區,3,230,0.0
53917,2021-06-12,台北市,大安區,6,227,0.0
53918,2021-06-12,台北市,信義區,3,226,0.0
53919,2021-06-12,台北市,中山區,2,214,0.0
53920,2021-06-12,台北市,北投區,7,177,0.0
53921,2021-06-12,台北市,內湖區,3,145,0.0
53922,2021-06-12,台北市,松山區,5,145,0.0
53980,2021-06-11,台北市,萬華區,9,1583,0.0001
53981,2021-06-11,台北市,文山區,3,286,0.0
53982,2021-06-11,台北市,士林區,6,249,0.0
53983,2021-06-11,台北市,大同區,3,235,0.0
53984,2021-06-11,台北市,中正區,2,227,0.0
53985,2021-06-11,台北市,信義區,1,223,0.0
53986,2021-06-11,台北市,大安區,6,221,0.0
53987,2021-06-11,台北市,中山區,6,212,0.0
53988,2021-06-11,台北市,北投區,1,170,0.0
53989,2021-06-11,台北市,松山區,8,140,0.0
53990,2021-06-11,台北市,南港區,2,117,0.0
54049,2021-06-10,台北市,萬華區,16,1574,0.0001
54050,2021-06-10,台北市,文山區,1,283,0.0
54051,2021-06-10,台北市,士林區,10,243,0.0
54052,2021-06-10,台北市,大同區,4,232,0.0
54053,2021-06-10,台北市,中正區,3,225,0.0
54054,2021-06-10,台北市,信義區,3,222,0.0
54055,2021-06-10,台北市,大安區,4,215,0.0
54056,2021-06-10,台北市,中山區,4,206,0.0
54057,2021-06-10,台北市,北投區,6,169,0.0
54058,2021-06-10,台北市,內湖區,2,142,0.0
54059,2021-06-10,台北市,松山區,3,132,0.0
54060,2021-06-10,台北市,南港區,1,115,0.0
54120,2021-06-09,台北市,萬華區,19,1558,0.0001
54121,2021-06-09,台北市,文山區,4,282,0.0
54122,2021-06-09,台北市,士林區,8,233,0.0
54123,2021-06-09,台北市,大同區,8,228,0.0001
54124,2021-06-09,台北市,中正區,3,222,0.0
54125,2021-06-09,台北市,大安區,6,211,0.0
54126,2021-06-09,台北市,中山區,4,202,0.0
54127,2021-06-09,台北市,北投區,3,163,0.0
54128,2021-06-09,台北市,內湖區,4,140,0.0
54129,2021-06-09,台北市,松山區,1,129,0.0
54181,2021-06-08,台北市,萬華區,9,1539,0.0001
54182,2021-06-08,台北市,文山區,3,278,0.0
54183,2021-06-08,台北市,士林區,7,225,0.0
54184,2021-06-08,台北市,大同區,2,220,0.0
54185,2021-06-08,台北市,中正區,2,219,0.0
54186,2021-06-08,台北市,信義區,2,219,0.0
54187,2021-06-08,台北市,大安區,10,205,0.0
54188,2021-06-08,台北市,中山區,6,198,0.0
54189,2021-06-08,台北市,北投區,5,160,0.0
54190,2021-06-08,台北市,內湖區,1,136,0.0
54191,2021-06-08,台北市,松山區,1,128,0.0
54192,2021-06-08,台北市,南港區,6,114,0.0001
54234,2021-06-07,台北市,萬華區,13,1530,0.0001
54235,2021-06-07,台北市,文山區,3,275,0.0
54236,2021-06-07,台北市,士林區,5,218,0.0
54237,2021-06-07,台北市,大同區,5,218,0.0
54238,2021-06-07,台北市,中正區,1,217,0.0
54239,2021-06-07,台北市,信義區,2,217,0.0
54240,2021-06-07,台北市,大安區,9,195,0.0
54241,2021-06-07,台北市,中山區,9,192,0.0
54242,2021-06-07,台北市,北投區,3,155,0.0
54243,2021-06-07,台北市,松山區,2,127,0.0
54244,2021-06-07,台北市,南港區,7,108,0.0001
54300,2021-06-06,台北市,萬華區,16,1517,0.0001
54301,2021-06-06,台北市,文山區,9,272,0.0
54302,2021-06-06,台北市,中正區,3,216,0.0
54303,2021-06-06,台北市,信義區,4,215,0.0
54304,2021-06-06,台北市,士林區,5,213,0.0
54305,2021-06-06,台北市,大同區,6,213,0.0
54306,2021-06-06,台北市,大安區,7,186,0.0
54307,2021-06-06,台北市,中山區,2,183,0.0
54308,2021-06-06,台北市,北投區,6,152,0.0
54309,2021-06-06,台北市,內湖區,3,135,0.0
54310,2021-06-06,台北市,松山區,3,125,0.0
54311,2021-06-06,台北市,南港區,1,101,0.0
54374,2021-06-05,台北市,萬華區,48,1501,0.0003
54375,2021-06-05,台北市,文山區,6,263,0.0
54376,2021-06-05,台北市,中正區,4,213,0.0
54377,2021-06-05,台北市,信義區,12,211,0.0001
54378,2021-06-05,台北市,士林區,6,208,0.0
54379,2021-06-05,台北市,大同區,16,207,0.0001
54380,2021-06-05,台北市,中山區,6,181,0.0
54381,2021-06-05,台北市,大安區,9,179,0.0
54382,2021-06-05,台北市,北投區,12,146,0.0
54383,2021-06-05,台北市,內湖區,9,132,0.0
54384,2021-06-05,台北市,松山區,6,122,0.0
54385,2021-06-05,台北市,南港區,5,100,0.0
54455,2021-06-04,台北市,萬華區,40,1453,0.0002
54456,2021-06-04,台北市,文山區,7,257,0.0
54457,2021-06-04,台北市,中正區,12,209,0.0001
54458,2021-06-04,台北市,士林區,11,202,0.0
54459,2021-06-04,台北市,信義區,4,199,0.0
54460,2021-06-04,台北市,大同區,20,191,0.0002
54461,2021-06-04,台北市,中山區,12,175,0.0001
54462,2021-06-04,台北市,大安區,12,170,0.0
54463,2021-06-04,台北市,北投區,10,134,0.0
54464,2021-06-04,台北市,內湖區,9,123,0.0
54465,2021-06-04,台北市,松山區,3,116,0.0
54466,2021-06-04,台北市,南港區,5,95,0.0
54526,2021-06-03,台北市,萬華區,85,1413,0.0005
54527,2021-06-03,台北市,文山區,21,250,0.0001
54528,2021-06-03,台北市,中正區,15,197,0.0001
54529,2021-06-03,台北市,信義區,8,195,0.0
54530,2021-06-03,台北市,士林區,23,191,0.0001
54531,2021-06-03,台北市,大同區,15,171,0.0001
54532,2021-06-03,台北市,中山區,18,163,0.0001
54533,2021-06-03,台北市,大安區,7,158,0.0
54534,2021-06-03,台北市,北投區,4,124,0.0
54535,2021-06-03,台北市,內湖區,11,114,0.0
54536,2021-06-03,台北市,松山區,11,113,0.0001
54537,2021-06-03,台北市,南港區,3,90,0.0
54600,2021-06-02,台北市,萬華區,42,1328,0.0002
54601,2021-06-02,台北市,文山區,8,229,0.0
54602,2021-06-02,台北市,信義區,12,187,0.0001
54603,2021-06-02,台北市,中正區,7,182,0.0
54604,2021-06-02,台北市,士林區,17,168,0.0001
54605,2021-06-02,台北市,大同區,22,156,0.0002
54606,2021-06-02,台北市,大安區,9,151,0.0
54607,2021-06-02,台北市,中山區,7,145,0.0
54608,2021-06-02,台北市,北投區,9,120,0.0
54609,2021-06-02,台北市,內湖區,7,103,0.0
54610,2021-06-02,台北市,松山區,3,102,0.0
54611,2021-06-02,台北市,南港區,3,87,0.0
54679,2021-06-01,台北市,萬華區,21,1286,0.0001
54680,2021-06-01,台北市,文山區,8,221,0.0
54681,2021-06-01,台北市,中正區,6,175,0.0
54682,2021-06-01,台北市,信義區,6,175,0.0
54683,2021-06-01,台北市,士林區,15,151,0.0001
54684,2021-06-01,台北市,大安區,9,142,0.0
54685,2021-06-01,台北市,中山區,7,138,0.0
54686,2021-06-01,台北市,大同區,4,134,0.0
54687,2021-06-01,台北市,北投區,3,111,0.0
54688,2021-06-01,台北市,松山區,3,99,0.0
54689,2021-06-01,台北市,內湖區,2,96,0.0
54690,2021-06-01,台北市,南港區,5,84,0.0
54758,2021-05-31,台北市,萬華區,36,1265,0.0002
54759,2021-05-31,台北市,文山區,9,213,0.0
54760,2021-05-31,台北市,中正區,9,169,0.0001
54761,2021-05-31,台北市,信義區,10,169,0.0
54762,2021-05-31,台北市,士林區,12,136,0.0
54763,2021-05-31,台北市,大安區,4,133,0.0
54764,2021-05-31,台北市,中山區,6,131,0.0
54765,2021-05-31,台北市,大同區,3,130,0.0
54766,2021-05-31,台北市,北投區,6,108,0.0
54767,2021-05-31,台北市,松山區,8,96,0.0
54768,2021-05-31,台北市,內湖區,11,94,0.0
54769,2021-05-31,台北市,南港區,7,79,0.0001
54826,2021-05-30,台北市,萬華區,20,1229,0.0001
54827,2021-05-30,台北市,文山區,6,204,0.0
54828,2021-05-30,台北市,中正區,6,160,0.0
54829,2021-05-30,台北市,信義區,8,159,0.0
54830,2021-05-30,台北市,大安區,8,129,0.0
54831,2021-05-30,台北市,大同區,2,127,0.0
54832,2021-05-30,台北市,中山區,3,125,0.0
54833,2021-05-30,台北市,士林區,10,124,0.0
54834,2021-05-30,台北市,北投區,6,102,0.0
54835,2021-05-30,台北市,松山區,3,88,0.0
54836,2021-05-30,台北市,內湖區,8,83,0.0
54837,2021-05-30,台北市,南港區,2,72,0.0
54905,2021-05-29,台北市,萬華區,45,1209,0.0003
54906,2021-05-29,台北市,文山區,16,198,0.0001
54907,2021-05-29,台北市,中正區,19,154,0.0001
54908,2021-05-29,台北市,信義區,11,151,0.0001
54909,2021-05-29,台北市,大同區,6,125,0.0
54910,2021-05-29,台北市,中山區,14,122,0.0001
54911,2021-05-29,台北市,大安區,15,121,0.0001
54912,2021-05-29,台北市,士林區,11,114,0.0
54913,2021-05-29,台北市,北投區,10,96,0.0
54914,2021-05-29,台北市,松山區,10,85,0.0001
54915,2021-05-29,台北市,內湖區,7,75,0.0
54916,2021-05-29,台北市,南港區,5,70,0.0
54992,2021-05-28,台北市,萬華區,88,1164,0.0005
54993,2021-05-28,台北市,文山區,18,182,0.0001
54994,2021-05-28,台北市,信義區,10,140,0.0
54995,2021-05-28,台北市,中正區,12,135,0.0001
54996,2021-05-28,台北市,大同區,11,119,0.0001
54997,2021-05-28,台北市,中山區,11,108,0.0001
54998,2021-05-28,台北市,大安區,7,106,0.0
54999,2021-05-28,台北市,士林區,9,103,0.0
55000,2021-05-28,台北市,北投區,19,86,0.0001
55001,2021-05-28,台北市,松山區,8,75,0.0
55002,2021-05-28,台北市,內湖區,9,68,0.0
55003,2021-05-28,台北市,南港區,9,65,0.0001
55075,2021-05-27,台北市,萬華區,79,1076,0.0004
55076,2021-05-27,台北市,文山區,37,164,0.0001
55077,2021-05-27,台北市,信義區,14,130,0.0001
55078,2021-05-27,台北市,中正區,22,123,0.0001
55079,2021-05-27,台北市,大同區,13,108,0.0001
55080,2021-05-27,台北市,大安區,10,99,0.0
55081,2021-05-27,台北市,中山區,15,97,0.0001
55082,2021-05-27,台北市,士林區,8,94,0.0
55083,2021-05-27,台北市,北投區,5,67,0.0
55084,2021-05-27,台北市,松山區,8,67,0.0
55085,2021-05-27,台北市,內湖區,8,59,0.0
55086,2021-05-27,台北市,南港區,4,56,0.0
55181,2021-05-26,台北市,萬華區,120,997,0.0007
55182,2021-05-26,台北市,文山區,25,127,0.0001
55183,2021-05-26,台北市,信義區,31,116,0.0002
55184,2021-05-26,台北市,中正區,25,101,0.0002
55185,2021-05-26,台北市,大同區,20,95,0.0002
55186,2021-05-26,台北市,大安區,20,89,0.0001
55187,2021-05-26,台北市,士林區,25,86,0.0001
55188,2021-05-26,台北市,中山區,13,82,0.0001
55189,2021-05-26,台北市,北投區,9,62,0.0
55190,2021-05-26,台北市,松山區,9,59,0.0
55191,2021-05-26,台北市,南港區,8,52,0.0001
55192,2021-05-26,台北市,內湖區,5,51,0.0
55268,2021-05-25,台北市,萬華區,99,877,0.0006
55269,2021-05-25,台北市,文山區,9,102,0.0
55270,2021-05-25,台北市,信義區,17,85,0.0001
55271,2021-05-25,台北市,中正區,11,76,0.0001
55272,2021-05-25,台北市,大同區,7,75,0.0001
55273,2021-05-25,台北市,大安區,14,69,0.0
55274,2021-05-25,台北市,中山區,10,69,0.0
55275,2021-05-25,台北市,士林區,6,61,0.0
55276,2021-05-25,台北市,北投區,4,53,0.0
55277,2021-05-25,台北市,松山區,4,50,0.0
55278,2021-05-25,台北市,內湖區,11,46,0.0
55279,2021-05-25,台北市,南港區,4,44,0.0
55360,2021-05-24,台北市,萬華區,117,778,0.0007
55361,2021-05-24,台北市,文山區,16,93,0.0001
55362,2021-05-24,台北市,大同區,9,68,0.0001
55363,2021-05-24,台北市,信義區,21,68,0.0001
55364,2021-05-24,台北市,中正區,13,65,0.0001
55365,2021-05-24,台北市,中山區,10,59,0.0
55366,2021-05-24,台北市,士林區,13,55,0.0
55367,2021-05-24,台北市,大安區,11,55,0.0
55368,2021-05-24,台北市,北投區,12,49,0.0
55369,2021-05-24,台北市,松山區,12,46,0.0001
55370,2021-05-24,台北市,南港區,9,40,0.0001
55371,2021-05-24,台北市,內湖區,2,35,0.0
55437,2021-05-23,台北市,萬華區,87,661,0.0005
55438,2021-05-23,台北市,文山區,14,77,0.0001
55439,2021-05-23,台北市,大同區,11,59,0.0001
55440,2021-05-23,台北市,中正區,8,52,0.0001
55441,2021-05-23,台北市,中山區,10,49,0.0
55442,2021-05-23,台北市,信義區,10,47,0.0
55443,2021-05-23,台北市,大安區,5,44,0.0
55444,2021-05-23,台北市,士林區,4,42,0.0
55445,2021-05-23,台北市,北投區,7,37,0.0
55446,2021-05-23,台北市,松山區,3,34,0.0
55447,2021-05-23,台北市,內湖區,1,33,0.0
55448,2021-05-23,台北市,南港區,4,31,0.0
55522,2021-05-22,台北市,萬華區,170,574,0.001
55523,2021-05-22,台北市,文山區,17,63,0.0001
55524,2021-05-22,台北市,大同區,7,48,0.0001
55525,2021-05-22,台北市,中正區,8,44,0.0001
55526,2021-05-22,台北市,大安區,6,39,0.0
55527,2021-05-22,台北市,中山區,8,39,0.0
55528,2021-05-22,台北市,士林區,13,38,0.0
55529,2021-05-22,台北市,信義區,2,37,0.0
55530,2021-05-22,台北市,內湖區,10,32,0.0
55531,2021-05-22,台北市,松山區,10,31,0.0001
55532,2021-05-22,台北市,北投區,6,30,0.0
55533,2021-05-22,台北市,南港區,7,27,0.0001
55608,2021-05-21,台北市,萬華區,59,404,0.0003
55609,2021-05-21,台北市,文山區,11,46,0.0
55610,2021-05-21,台北市,大同區,13,41,0.0001
55611,2021-05-21,台北市,中正區,6,36,0.0
55612,2021-05-21,台北市,信義區,6,35,0.0
55613,2021-05-21,台北市,大安區,5,33,0.0
55614,2021-05-21,台北市,中山區,8,31,0.0
55615,2021-05-21,台北市,士林區,6,25,0.0
55616,2021-05-21,台北市,北投區,5,24,0.0
55617,2021-05-21,台北市,內湖區,3,22,0.0
55618,2021-05-21,台北市,松山區,1,21,0.0
55619,2021-05-21,台北市,南港區,2,20,0.0
55670,2021-05-20,台北市,萬華區,39,345,0.0002
55671,2021-05-20,台北市,文山區,3,35,0.0
55672,2021-05-20,台北市,中正區,5,30,0.0
55673,2021-05-20,台北市,信義區,6,29,0.0
55674,2021-05-20,台北市,大同區,2,28,0.0
55675,2021-05-20,台北市,大安區,2,28,0.0
55676,2021-05-20,台北市,中山區,8,23,0.0
55677,2021-05-20,台北市,松山區,2,20,0.0
55678,2021-05-20,台北市,士林區,2,19,0.0
55679,2021-05-20,台北市,內湖區,3,19,0.0
55680,2021-05-20,台北市,北投區,5,19,0.0
55681,2021-05-20,台北市,南港區,4,18,0.0
55738,2021-05-19,台北市,萬華區,34,306,0.0002
55739,2021-05-19,台北市,文山區,5,32,0.0
55740,2021-05-19,台北市,大同區,1,26,0.0
55741,2021-05-19,台北市,大安區,4,26,0.0
55742,2021-05-19,台北市,中正區,2,25,0.0
55743,2021-05-19,台北市,信義區,1,23,0.0
55744,2021-05-19,台北市,松山區,4,18,0.0
55745,2021-05-19,台北市,士林區,10,17,0.0
55746,2021-05-19,台北市,內湖區,2,16,0.0
55747,2021-05-19,台北市,中山區,2,15,0.0
55748,2021-05-19,台北市,北投區,1,14,0.0
55749,2021-05-19,台北市,南港區,4,14,0.0
55803,2021-05-18,台北市,萬華區,50,272,0.0003
55804,2021-05-18,台北市,文山區,14,27,0.0001
55805,2021-05-18,台北市,大同區,9,25,0.0001
55806,2021-05-18,台北市,中正區,6,23,0.0
55807,2021-05-18,台北市,大安區,3,22,0.0
55808,2021-05-18,台北市,信義區,9,22,0.0
55809,2021-05-18,台北市,內湖區,1,14,0.0
55810,2021-05-18,台北市,松山區,3,14,0.0
55811,2021-05-18,台北市,中山區,3,13,0.0
55812,2021-05-18,台北市,北投區,1,13,0.0
55813,2021-05-18,台北市,南港區,3,10,0.0
55814,2021-05-18,台北市,士林區,1,7,0.0
55861,2021-05-17,台北市,萬華區,96,222,0.0005
55862,2021-05-17,台北市,大安區,6,19,0.0
55863,2021-05-17,台北市,中正區,9,17,0.0001
55864,2021-05-17,台北市,大同區,10,16,0.0001
55865,2021-05-17,台北市,內湖區,4,13,0.0
55866,2021-05-17,台北市,文山區,7,13,0.0
55867,2021-05-17,台北市,信義區,3,13,0.0
55868,2021-05-17,台北市,北投區,5,12,0.0
55869,2021-05-17,台北市,松山區,6,11,0.0
55870,2021-05-17,台北市,中山區,8,10,0.0
55871,2021-05-17,台北市,士林區,4,6,0.0
55916,2021-05-16,台北市,萬華區,65,126,0.0004
55917,2021-05-16,台北市,大安區,6,13,0.0
55918,2021-05-16,台北市,信義區,4,10,0.0
55919,2021-05-16,台北市,內湖區,2,9,0.0
55920,2021-05-16,台北市,中正區,3,8,0.0
55921,2021-05-16,台北市,南港區,5,7,0.0
55922,2021-05-16,台北市,大同區,1,6,0.0
55923,2021-05-16,台北市,文山區,3,6,0.0
55924,2021-05-16,台北市,士林區,2,2,0.0
55925,2021-05-16,台北市,中山區,2,2,0.0
55963,2021-05-15,台北市,萬華區,55,61,0.0003
55964,2021-05-15,台北市,大安區,3,7,0.0
55965,2021-05-15,台北市,內湖區,1,7,0.0
55966,2021-05-15,台北市,北投區,5,7,0.0
55967,2021-05-15,台北市,信義區,5,6,0.0
55968,2021-05-15,台北市,大同區,4,5,0.0
55969,2021-05-15,台北市,中正區,5,5,0.0
55970,2021-05-15,台北市,松山區,5,5,0.0
55971,2021-05-15,台北市,文山區,1,3,0.0
55972,2021-05-15,台北市,南港區,2,2,0.0
56005,2021-05-14,台北市,萬華區,4,6,0.0
56006,2021-05-14,台北市,大安區,1,4,0.0
56007,2021-05-14,台北市,北投區,1,2,0.0
56025,2021-05-13,台北市,萬華區,1,2,0.0
56026,2021-05-13,台北市,北投區,1,1,0.0
56041,2021-05-12,台北市,萬華區,1,1,0.0
56057,2021-05-11,台北市,內湖區,1,6,0.0
56075,2021-05-08,台北市,內湖區,1,5,0.0
56095,2021-05-02,台北市,大安區,1,3,0.0
56101,2021-05-01,台北市,大安區,1,2,0.0
56112,2021-04-29,台北市,內湖區,1,4,0.0
56628,2020-04-09,台北市,文山區,1,2,0.0
56646,2020-04-03,台北市,內湖區,1,3,0.0
56652,2020-04-02,台北市,內湖區,1,2,0.0
56660,2020-03-31,台北市,文山區,1,1,0.0
56682,2020-03-26,台北市,大安區,1,1,0.0
56698,2020-03-22,台北市,信義區,1,1,0.0
56710,2020-03-20,台北市,大同區,1,1,0.0
56711,2020-03-20,台北市,內湖區,1,1,0.0
